id,symbol,company_name,sector,timestamp,price_at_decision,drop_percent,recommendation,ai_score,conviction,drop_type,entry_price_low,entry_price_high,stop_loss,take_profit_1,take_profit_2,deep_research_action,deep_research_score,deep_research_conviction,deep_research_entry_low,deep_research_entry_high,deep_research_tp1,deep_research_tp2,sa_quant_rating,wall_street_rating,gatekeeper_tier,batch_winner
563,YKLTY,"Yakult Honsha Co., Ltd.",,2026-05-22 19:29:11,8.36,-8.232711306256862,PASS_INSUFFICIENT_DATA,,NONE,UNKNOWN,,,,,,,,,,,,,,,STANDARD_DIP,0
562,CRARY,Credit Agricole SA,,2026-05-22 19:00:45,9.39,-5.438066465256789,AVOID,,LOW,TECHNICAL_BREAKDOWN,9.0,9.2,8.5,9.85,,,,,,,,,3.3,3.0,DEEP_DIP,0
561,CRARY,Credit Agricole SA,,2026-05-22 18:58:29,9.39,-5.438066465256789,AVOID,,HIGH,COMPANY_SPECIFIC,9.3,9.4,8.8,9.84,9.85,,,,,,,,3.3,3.0,DEEP_DIP,0
560,JBAXY,Julius Baer Group Ltd.,,2026-05-22 18:11:03,16.109,-7.7904979965655246,AVOID,,LOW,EARNINGS_MISS,15.18,15.48,14.22,16.72,,,,,,,,,4.56,3.5,DEEP_DIP,0
559,GKOS,Glaukos Corporation,,2026-05-22 18:07:59,126.43,-9.062792203121624,BUY_LIMIT,,MODERATE,MACRO_SELLOFF,119.0,121.62,104.5,135.06,148.11,,,,,,,,2.97,4.76,DEEP_DIP,0
558,XP,XP Inc.,,2026-05-22 15:50:50,17.005,-5.1060267857143,BUY_LIMIT,,MODERATE,EARNINGS_MISS,16.5,16.7,14.8,18.5,19.2,,,,,,,,3.13,4.3,DEEP_DIP,0
557,MPNGY,MEITUAN,,2026-05-22 15:28:25,20.02,-5.073494547178759,AVOID,,HIGH,COMPANY_SPECIFIC,19.5,20.02,17.98,21.09,21.27,,,,,,,,,,DEEP_DIP,0
556,VONOY,VONOVIA SE,,2026-05-22 15:05:17,12.1899,-5.504651162790703,AVOID,,LOW,COMPANY_SPECIFIC,11.7,11.8,11.0,12.54,13.03,,,,,,,,2.39,4.0,DEEP_DIP,0
555,VIV,Telefonica Brasil S.A.,,2026-05-22 15:02:00,13.3299,-5.394606103619585,AVOID,,HIGH,TECHNICAL_BREAKDOWN,13.19,13.35,12.27,14.05,,,,,,,,,3.89,3.14,DEEP_DIP,0
554,TTWO,"Take-Two Interactive Software, Inc.",,2026-05-22 14:59:27,221.7,-6.880040322580655,WATCH,,MODERATE,EARNINGS_MISS,206.21,212.45,189.33,231.85,238.73,,,,,,,,3.36,4.74,STANDARD_DIP,0
553,RDDT,"Reddit, Inc.",,2026-05-22 14:56:28,142.51,-5.018661690215944,BUY_LIMIT,,MODERATE,COMPANY_SPECIFIC,139.88,141.0,121.83,150.35,156.5,,,,,,,,3.32,4.0,DEEP_DIP,0
552,KWHIY,Kawasaki Heavy Industries Ltd.,,2026-05-22 14:53:45,7.5325,-5.012610340479193,AVOID,,MEDIUM,EARNINGS_MISS,7.15,7.2,6.39,7.85,,,,,,,,,,,DEEP_DIP,0
551,SMMT,Summit Therapeutics Inc.,,2026-05-22 14:26:23,16.23,-7.097882083571829,AVOID,,HIGH,COMPANY_SPECIFIC,14.54,15.0,11.8,17.51,18.88,,,,,,,,,,DEEP_DIP,0
550,PTAIY,PT Astra International,,2026-05-22 14:24:09,6.55,-5.0724637681159495,AVOID,,HIGH,EARNINGS_MISS,6.48,6.54,5.75,6.88,7.1,,,,,,,,,,DEEP_DIP,0
549,NNFSF,NONGFU SPRING CO LTD.,,2026-05-22 14:21:15,5.49,-10.294117647058822,WATCH,,LOW,SECTOR_ROTATION,5.2,5.28,4.42,6.0,6.24,,,,,,,,,,STANDARD_DIP,0
548,NIO,NIO Inc.,,2026-05-22 14:18:06,5.25,-6.249999999999994,PASS_INSUFFICIENT_DATA,,NONE,UNKNOWN,,,,,,,,,,,,,,,DEEP_DIP,0
547,NECPY,NEC Corp.,,2026-05-22 14:15:12,11.8,-5.220883534136535,AVOID,,LOW,EARNINGS_MISS,11.43,11.55,9.72,12.45,13.45,,,,,,,,,,DEEP_DIP,0
546,FUTU,Futu Holdings Limited,,2026-05-22 14:12:55,93.0001,-24.9151461327305,AVOID,,HIGH,COMPANY_SPECIFIC,80.5,90.09,61.69,107.65,120.69,,,,,,,,3.24,4.78,DEEP_DIP,0
545,CAE,CAE Inc.,,2026-05-22 14:10:03,24.41,-9.391239792130666,AVOID,,HIGH,EARNINGS_MISS,23.92,24.39,22.5,26.1,26.47,,,,,,,,,,DEEP_DIP,0
544,BJ,"BJ's Wholesale Club Holdings, Inc.",,2026-05-22 14:06:42,88.35,-6.43863179074448,BUY,,HIGH,EARNINGS_MISS,88.0,88.5,83.0,93.73,95.06,BUY,55.0,HIGH,88.0,88.5,93.73,95.06,1.77,3.86,DEEP_DIP,0
543,EDU,"New Oriental Education & Technology Group, Inc. Sponsored",,2026-05-21 16:09:46,47.27,-5.346415698838595,BUY_LIMIT,,MODERATE,MACRO_SELLOFF,45.5,47.0,41.5,52.5,54.56,BUY_LIMIT,30.0,MODERATE,45.5,47.0,52.5,54.56,2.72,4.28,DEEP_DIP,0
542,WMT,Walmart Inc.,Consumer Staples,2026-05-21 15:41:37,121.685,-7.004203286205573,BUY,,LOW,EARNINGS_MISS,115.5,119.5,112.5,124.55,127.5,BUY_LIMIT,20.0,LOW,115.5,119.5,124.55,127.5,3.37,4.55,DEEP_DIP,0
541,SOLS,Solstice Advanced Materials Inc.,,2026-05-21 15:38:17,78.755,-6.776751893939403,BUY_LIMIT,,MODERATE,MACRO_SELLOFF,75.7,76.5,67.09,82.16,84.82,,,,,,,,,,DEEP_DIP,0
540,NTES,"NetEase, Inc.",,2026-05-21 15:34:52,109.305,-6.432973805855151,WATCH,,MODERATE,MACRO_SELLOFF,106.06,108.5,99.53,114.55,117.15,,,,,,,,2.83,4.77,DEEP_DIP,0
539,INTU,Intuit Inc.,,2026-05-21 15:32:05,308.815,-19.56476441017894,BUY,,MODERATE,COMPANY_SPECIFIC,300.0,310.0,254.5,348.5,378.0,BUY_LIMIT,25.0,MODERATE,300.0,310.0,348.5,378.0,2.86,4.52,DEEP_DIP,0
538,IBRX,"ImmunityBio, Inc.",,2026-05-21 15:28:43,7.453,-7.416149068322985,WATCH,,MODERATE,COMPANY_SPECIFIC,6.76,7.0,5.56,7.93,8.5,,,,,,,,3.44,4.75,STANDARD_DIP,0
537,FIGR,"Figure Technology Solutions, Inc.",,2026-05-21 15:26:04,34.0499,-6.456318681318675,AVOID,,LOW,COMPANY_SPECIFIC,30.82,31.05,24.57,35.18,,,,,,,,,,,DEEP_DIP,0
536,DE,Deere & Company,,2026-05-21 15:23:22,520.41,-7.145915854833541,AVOID,,LOW,EARNINGS_MISS,510.0,516.74,462.94,538.13,556.53,,,,,,,,3.38,3.87,DEEP_DIP,0
535,CMI,Cummins Inc.,,2026-05-21 15:19:44,634.71,-5.248779613954942,AVOID,,HIGH,COMPANY_SPECIFIC,614.0,626.5,517.04,667.0,675.0,,,,,,,,3.37,3.91,DEEP_DIP,0
534,BEKE,KE Holdings Inc,,2026-05-21 15:16:10,16.765,-7.221914775871609,AVOID,,HIGH,EARNINGS_MISS,15.51,16.61,14.3,17.44,18.06,,,,,,,,3.16,4.47,DEEP_DIP,0
533,ACI,"Albertsons Companies, Inc.",,2026-05-21 15:13:11,16.1659,-5.18533724340176,PASS_INSUFFICIENT_DATA,,NONE,UNKNOWN,,,,,,,,,,,,,,,STANDARD_DIP,0
532,AXTI,AXT Inc,,2026-05-20 19:09:59,102.75,-8.974131821403256,AVOID,,HIGH,COMPANY_SPECIFIC,99.0,102.75,71.22,112.87,134.0,,,,,,,,4.99,4.2,SHALLOW_DIP,0
531,GDS,GDS Holdings Limited,,2026-05-20 15:51:38,38.27,-5.2957188814649685,AVOID,,HIGH,EARNINGS_MISS,38.2,38.7,34.16,40.83,42.1,,,,,,,,4.5,4.66,DEEP_DIP,0
530,EQPT,EquipmentShare.com Inc,,2026-05-20 15:47:50,21.2,-5.314872711031716,PASS_INSUFFICIENT_DATA,,NONE,UNKNOWN,,,,,,,,,,,,,,,STANDARD_DIP,0
529,CF,"CF Industries Holdings, Inc.",,2026-05-20 15:43:52,121.085,-5.298764273424062,WATCH,,MODERATE,MACRO_SELLOFF,116.86,118.5,96.26,123.81,127.86,,,,,,,,3.41,3.04,STANDARD_DIP,0
528,TGT,Target Corporation,,2026-05-20 15:20:19,119.625,-5.984753222257148,WATCH,,LOW,EARNINGS_MISS,116.45,118.51,104.8,126.5,128.22,,,,,,,,3.42,3.45,DEEP_DIP,0
527,RDDT,"Reddit, Inc.",,2026-05-20 15:17:33,145.4,-6.120867768595035,PASS_INSUFFICIENT_DATA,,NONE,UNKNOWN,,,,,,,,,,,,,,,DEEP_DIP,0
526,HAS,"Hasbro, Inc.",,2026-05-20 15:14:53,89.77,-7.625025725457924,AVOID,,HIGH,EARNINGS_MISS,85.66,86.5,78.91,93.42,95.15,,,,,,,,3.36,4.43,DEEP_DIP,0
525,BXBLY,"Brambles, Ltd.",,2026-05-20 15:11:18,23.78,-5.372065260644639,AVOID,,LOW,EARNINGS_MISS,23.89,24.1,21.5,25.82,27.66,,,,,,,,,,DEEP_DIP,0
524,BILI,Bilibili Inc.,,2026-05-20 15:07:00,18.83,-5.8500000000000085,AVOID,,HIGH,EARNINGS_MISS,18.24,18.85,15.84,20.03,,,,,,,,,2.13,4.74,DEEP_DIP,0
523,ADI,"Analog Devices, Inc.",,2026-05-20 15:04:13,390.995,-5.6274287369361105,BUY_LIMIT,,MODERATE,MACRO_SELLOFF,381.17,388.52,357.0,407.69,414.32,,,,,,,,3.47,4.41,DEEP_DIP,0
522,XP,XP Inc.,,2026-05-19 18:59:51,16.455,-5.103806228373712,AVOID,,HIGH,EARNINGS_MISS,15.6,16.0,13.9,17.44,18.49,,,,,,,,3.13,4.3,DEEP_DIP,0
521,WSE,Wise Group plc,,2026-05-19 18:57:33,12.19,-5.062305295950158,AVOID,,LOW,SECTOR_ROTATION,11.9,12.24,10.78,12.89,12.98,,,,,,,,,,DEEP_DIP,0
520,PINS,"Pinterest, Inc.",,2026-05-19 18:54:53,18.725,-6.046161565479169,AVOID,,HIGH,COMPANY_SPECIFIC,17.61,18.0,15.56,19.32,20.25,,,,,,,,2.67,3.94,DEEP_DIP,0
519,MGDDY,CIE GENERALE DES ETABLISSEMENTS MICHELIN SA CLERMONT-FERRAND,,2026-05-19 18:52:42,17.79,-5.972515856236799,AVOID,,LOW,MACRO_SELLOFF,17.65,17.85,16.65,18.48,18.98,,,,,,,,2.82,2.0,DEEP_DIP,0
518,ISNPY,Intesa Sanpaolo S.p.A.,,2026-05-19 18:49:11,38.6,-5.484818805093051,BUY,,HIGH,TECHNICAL_BREAKDOWN,38.0,38.6,36.8,39.5,40.7,BUY,50.0,HIGH,38.0,38.6,39.5,40.7,2.9,2.5,DEEP_DIP,0
517,DSVSF,Discovery Silver Corp.,,2026-05-19 18:45:57,6.254009,-5.528564954682782,AVOID,,MODERATE,EARNINGS_MISS,5.72,5.99,4.74,6.62,6.74,,,,,,,,,,DEEP_DIP,0
516,CHWY,"Chewy, Inc.",,2026-05-19 18:42:39,19.81,-8.41423948220065,PASS_INSUFFICIENT_DATA,,NONE,UNKNOWN,,,,,,,,,,,,,,,DEEP_DIP,0
515,BOLSY,B3 SA Brasil Bolsa Balcao,,2026-05-19 18:39:53,9.49,-5.376301200494549,BUY,,HIGH,MACRO_SELLOFF,9.35,9.5,8.85,10.16,10.66,BUY,75.0,HIGH,9.35,9.5,10.16,10.66,4.73,3.0,DEEP_DIP,0
514,HUT,Hut 8 Corp.,,2026-05-19 15:09:55,88.5,-8.004158004158008,PASS_INSUFFICIENT_DATA,,,,,,,,,,,,,,,,,,STANDARD_DIP,0
513,FN,Fabrinet,,2026-05-19 15:06:00,651.365,-6.982406534715674,WATCH,,MODERATE,SECTOR_ROTATION,620.0,640.09,518.46,700.17,720.0,,,,,,,,3.39,4.22,STANDARD_DIP,0
512,CRWV,"CoreWeave, Inc.",,2026-05-19 15:03:11,95.58,-7.892454466608845,AVOID,,LOW,EARNINGS_MISS,92.7,95.15,74.28,103.3,,,,,,,,,3.02,4.14,DEEP_DIP,0
511,CORZ,"Core Scientific, Inc.",,2026-05-19 15:00:41,21.98,-6.745863385659737,WATCH,,MODERATE,COMPANY_SPECIFIC,18.89,20.0,15.89,23.57,25.25,,,,,,,,3.96,4.66,STANDARD_DIP,0
510,UEC,Uranium Energy Corp.,,2026-05-19 14:31:51,12.31,-6.742424242424233,AVOID,,HIGH,MACRO_SELLOFF,11.11,11.5,8.91,12.95,13.68,,,,,,,,3.21,4.55,DEEP_DIP,0
509,SFTBY,Softbank Group Corp,,2026-05-19 14:28:40,17.0737,-5.670165745856368,AVOID,,LOW,COMPANY_SPECIFIC,15.86,15.93,13.69,16.91,17.93,,,,,,,,3.41,2.0,DEEP_DIP,0
508,PKX,POSCO HOLDINGS INC.,,2026-05-19 14:25:56,73.645,-6.339819407350883,AVOID,,HIGH,COMPANY_SPECIFIC,66.41,67.87,60.41,78.51,79.74,,,,,,,,4.9,5.0,DEEP_DIP,0
507,MIELY,Mitsubishi Electric Corp.,,2026-05-19 14:22:15,74.93,-6.43106893106892,AVOID,,NONE,MACRO_SELLOFF,73.0,74.0,61.71,80.08,82.0,,,,,,,,,,DEEP_DIP,0
506,IREN,IREN Limited,,2026-05-19 14:19:07,47.55,-5.766944114149829,AVOID,,HIGH,EARNINGS_MISS,41.3,43.66,31.74,50.51,62.44,,,,,,,,3.3,4.07,DEEP_DIP,0
505,IBRX,"ImmunityBio, Inc.",,2026-05-19 14:15:23,7.525,-5.937499999999996,AVOID,,HIGH,COMPANY_SPECIFIC,6.78,6.86,4.61,8.02,8.21,,,,,,,,3.44,4.75,STANDARD_DIP,0
504,FJIKY,Fujikura Ltd.,,2026-05-19 14:14:23,14.39,-18.92957746478873,PASS_INSUFFICIENT_DATA,,NONE,UNKNOWN,,,,,,,,,,,,,,,DEEP_DIP,0
503,SEI,"Solaris Energy Infrastructure, Inc.",,2026-05-19 13:51:20,72.13,-8.20819546958514,AVOID,,HIGH,COMPANY_SPECIFIC,65.51,67.26,55.4,73.5,75.8,,,,,,,,3.24,4.5,STANDARD_DIP,0
502,MTZ,"MasTec, Inc.",,2026-05-19 13:47:02,385.58,-7.066763075439864,AVOID,,LOW,TECHNICAL_BREAKDOWN,357.71,372.55,327.71,403.68,,,,,,,,,3.45,4.57,STANDARD_DIP,0
501,FIX,"Comfort Systems USA, Inc.",,2026-05-19 13:44:10,1854.43,-6.940694721840278,WATCH,,MODERATE,SECTOR_ROTATION,1630.0,1680.0,1490.0,1879.0,1992.73,,,,,,,,3.48,4.71,STANDARD_DIP,0
500,OKLO,Oklo Inc.,,2026-05-18 18:00:37,57.32,-7.919678714859438,AVOID,,LOW,COMPANY_SPECIFIC,51.1,55.0,38.31,62.35,66.3,,,,,,,,2.81,4.14,DEEP_DIP,0
499,BE,Bloom Energy Corporation,,2026-05-18 17:57:50,253.585,-8.104729117593761,WATCH,,MODERATE,MACRO_SELLOFF,234.34,243.89,198.0,275.93,310.0,,,,,,,,3.49,3.7,STANDARD_DIP,0
498,STX,Seagate Technology Holdings PLC,,2026-05-18 17:34:06,726.51,-8.669088714847831,WATCH,,MODERATE,MACRO_SELLOFF,668.0,708.0,547.0,789.0,815.0,,,,,,,,3.49,4.5,SHALLOW_DIP,0
497,STRL,"Sterling Infrastructure, Inc.",,2026-05-18 17:30:16,771.78,-9.078271523490889,WATCH,,MODERATE,TECHNICAL_BREAKDOWN,708.24,728.17,523.61,851.86,,,,,,,,,3.48,5.0,SHALLOW_DIP,0
496,FORM,"FormFactor, Inc.",,2026-05-18 17:26:51,116.01,-8.125445473984312,WATCH,,MODERATE,SECTOR_ROTATION,110.0,116.0,70.61,126.32,130.24,,,,,,,,3.49,3.4,DEEP_DIP,0
495,MOD,Modine Manufacturing Company,,2026-05-18 16:03:16,249.41,-8.055002580550024,WATCH,,MODERATE,TECHNICAL_BREAKDOWN,230.64,236.13,205.0,271.27,285.0,,,,,,,,3.43,4.87,DEEP_DIP,0
494,VRT,"Vertiv Holdings, LLC",,2026-05-18 15:34:45,340.31,-8.257400118617566,WATCH,,LOW,MACRO_SELLOFF,298.61,310.0,262.61,368.23,370.29,,,,,,,,3.48,4.38,SHALLOW_DIP,0
493,POWL,"Powell Industries, Inc.",,2026-05-18 15:31:25,266.975,-8.77327866051596,AVOID,,HIGH,MACRO_SELLOFF,228.0,235.0,198.0,289.76,,,,,,,,,3.45,3.75,STANDARD_DIP,0
492,MSTR,Strategy Inc,,2026-05-18 15:26:48,164.07,-7.524518092661478,PASS_INSUFFICIENT_DATA,,NONE,UNKNOWN,,,,,,,,,,,,,,,DEEP_DIP,0
491,MP,MP Materials Corp.,,2026-05-18 15:23:54,55.82,-8.89505467602416,AVOID,,HIGH,COMPANY_SPECIFIC,51.36,53.71,42.26,59.23,61.17,,,,,,,,2.93,4.8,DEEP_DIP,0
490,AXTI,AXT Inc,,2026-05-18 15:21:31,110.52,-10.712554532234615,AVOID,,LOW,COMPANY_SPECIFIC,98.24,101.63,70.88,127.42,134.0,,,,,,,,4.99,4.2,SHALLOW_DIP,0
489,APLD,Applied Digital Corporation,,2026-05-18 15:18:25,38.89,-8.623120300751884,AVOID,,HIGH,COMPANY_SPECIFIC,31.54,38.31,24.39,42.64,48.34,,,,,,,,3.39,4.8,SHALLOW_DIP,0
488,ALAB,"Astera Labs, Inc.",,2026-05-18 15:15:32,213.62,-8.191507649991406,WATCH,,MODERATE,MACRO_SELLOFF,205.0,208.0,167.97,225.0,232.68,,,,,,,,3.36,4.2,SHALLOW_DIP,0
487,VICR,Vicor Corporation,,2026-05-18 14:43:30,258.0,-5.725874228084925,AVOID,,HIGH,COMPANY_SPECIFIC,233.94,242.0,184.01,263.0,,,,,,,,,3.49,4.5,STANDARD_DIP,0
486,REGN,"Regeneron Pharmaceuticals, Inc.",,2026-05-18 14:40:15,622.72,-10.817042606516287,AVOID,,LOW,COMPANY_SPECIFIC,606.67,615.0,566.67,656.0,691.79,,,,,,,,3.18,4.37,DEEP_DIP,0
485,LITE,Lumentum Holdings Inc.,,2026-05-18 14:37:26,897.5,-7.540949830019578,WATCH,,MODERATE,MACRO_SELLOFF,825.53,856.71,675.53,958.89,1040.0,,,,,,,,4.99,4.41,STANDARD_DIP,0
484,LI,Li Auto Inc.,,2026-05-18 14:34:08,16.6097,-10.266342517558083,AVOID,,HIGH,COMPANY_SPECIFIC,16.64,16.76,14.64,18.22,19.85,,,,,,,,,,DEEP_DIP,0
483,JBS,JBS N.V.,,2026-05-18 14:30:27,12.61,-6.454005934718109,AVOID,,HIGH,COMPANY_SPECIFIC,12.37,12.85,11.17,13.74,15.07,,,,,,,,,,DEEP_DIP,0
482,IEP,Icahn Enterprises L.P.,,2026-05-18 14:28:05,7.57,-7.570207570207561,AVOID,,HIGH,COMPANY_SPECIFIC,7.1,7.25,6.5,7.83,8.08,,,,,,,,2.89,5.0,DEEP_DIP,0
481,HIMS,"Hims & Hers Health, Inc.",,2026-05-18 14:24:26,23.17,-7.504990019960076,AVOID,,HIGH,COMPANY_SPECIFIC,22.5,23.05,18.9,24.31,24.92,,,,,,,,,,DEEP_DIP,0
480,CRDO,Credo Technology Group Holding Ltd,,2026-05-18 14:21:32,161.89,-5.9708427716791554,AVOID,,LOW,EARNINGS_MISS,143.74,154.69,114.96,170.0,184.85,,,,,,,,4.96,4.66,DEEP_DIP,0
479,ASX,"ASE Technology Holding Co., Ltd.",,2026-05-18 14:18:32,31.91,-5.619639160011837,WATCH,,MODERATE,SECTOR_ROTATION,28.6,29.1,25.6,33.46,34.5,,,,,,,,4.96,5.0,STANDARD_DIP,0
478,ARGTF,Artemis Gold Inc.,,2026-05-18 14:15:07,24.16,-6.544948166486153,BUY_LIMIT,,MODERATE,MACRO_SELLOFF,22.94,23.5,20.54,25.85,27.04,,,,,,,,,,DEEP_DIP,0
477,AAOI,"Applied Optoelectronics, Inc.",,2026-05-18 14:11:12,174.14,-8.5206976255516,AVOID,,LOW,COMPANY_SPECIFIC,137.07,140.0,59.93,190.36,,,,,,,,,3.49,3.66,SHALLOW_DIP,0
476,KGC,Kinross Gold Corporation,,2026-05-15 15:56:09,28.485,-7.785691162188415,BUY,,HIGH,MACRO_SELLOFF,25.5,26.1,23.5,28.5,29.5,AVOID,25.0,HIGH,25.5,26.1,28.5,29.5,4.03,4.33,DEEP_DIP,0
475,HL,Hecla Mining Company,,2026-05-15 15:52:49,17.805,-8.457583547557839,WATCH,,MODERATE,EARNINGS_MISS,16.4,16.75,13.77,18.94,19.42,,,,,,,,3.17,3.5,STANDARD_DIP,0
474,AU,AngloGold Ashanti PLC,,2026-05-15 15:49:23,92.755,-9.126089938277651,WATCH,,MODERATE,MACRO_SELLOFF,85.26,87.5,75.13,98.41,102.07,,,,,,,,3.88,4.0,DEEP_DIP,0
473,WPM,Wheaton Precious Metals Corp,,2026-05-15 15:21:35,129.025,-7.34956197041504,WATCH,,MODERATE,MACRO_SELLOFF,120.46,123.7,108.12,135.56,142.5,,,,,,,,3.37,4.68,DEEP_DIP,0
472,NU,Nu Holdings Ltd.,,2026-05-15 15:18:23,12.02,-7.037896365042538,BUY,,MODERATE,EARNINGS_MISS,11.75,12.05,11.35,12.8,13.5,BUY,35.0,MODERATE,11.75,12.05,12.8,13.5,3.19,4.61,DEEP_DIP,0
471,CDE,"Coeur Mining, Inc.",,2026-05-15 15:13:32,17.855,-7.963917525773187,AVOID,,HIGH,MACRO_SELLOFF,16.85,17.5,14.43,18.63,19.23,,,,,,,,4.02,4.4,DEEP_DIP,0
470,BMNR,"BitMine Immersion Technologies, Inc.",,2026-05-15 15:09:32,20.44,-7.0909090909090855,AVOID,,HIGH,COMPANY_SPECIFIC,19.8,20.44,16.8,21.27,21.99,,,,,,,,1.2,5.0,DEEP_DIP,0
469,RGTI,"Rigetti Computing, Inc.",,2026-05-15 14:46:22,17.71,-8.095485210171244,AVOID,,LOW,MACRO_SELLOFF,18.0,18.2,15.6,19.7,,,,,,,,,2.05,4.15,STANDARD_DIP,0
468,QBTS,D-Wave Quantum Inc.,,2026-05-15 14:43:05,20.34,-8.088567555354718,AVOID,,HIGH,EARNINGS_MISS,18.5,19.5,14.5,22.57,24.26,,,,,,,,,,STANDARD_DIP,0
467,PSLV,Sprott Physical Silver Trust ETV,,2026-05-15 14:40:40,24.685,-8.472376714868373,AVOID,,HIGH,MACRO_SELLOFF,21.9,22.1,19.47,25.19,26.39,,,,,,,,,,STANDARD_DIP,0
466,NGG,"National Grid Transco, PLC National Grid PLC (NEW)",,2026-05-15 14:37:45,80.47,-7.960654237675864,BUY,,HIGH,EARNINGS_MISS,70.0,72.0,65.0,80.0,88.32,AVOID,25.0,HIGH,70.0,72.0,80.0,,4.64,3.75,DEEP_DIP,0
465,IONQ,"IonQ, Inc.",,2026-05-15 14:34:43,51.41,-10.544631981903606,WATCH,,LOW,MACRO_SELLOFF,47.0,48.5,37.36,55.62,58.83,,,,,,,,2.9,4.5,SHALLOW_DIP,0
464,CRCL,"Circle Internet Group, Inc.",,2026-05-15 14:31:27,111.985,-9.60203422667097,AVOID,,HIGH,MACRO_SELLOFF,106.63,109.19,84.06,120.15,,,,,,,,,,,SHALLOW_DIP,0
463,COIN,"Coinbase Global, Inc.",,2026-05-15 14:29:02,197.38,-6.900617895382291,AVOID,,HIGH,EARNINGS_MISS,183.23,189.0,159.23,214.01,216.09,,,,,,,,2.0,3.96,STANDARD_DIP,0
462,CIFR,Cipher Digital Inc.,,2026-05-15 14:26:31,20.25,-9.15208613728129,AVOID,,HIGH,EARNINGS_MISS,16.72,19.41,13.72,21.35,,,,,,,,,3.37,4.64,SHALLOW_DIP,0
461,AG,First Majestic Silver Corp.,,2026-05-15 14:23:03,20.75,-8.428949691085615,AVOID,,LOW,MACRO_SELLOFF,17.91,18.5,14.91,22.66,24.07,,,,,,,,3.33,4.0,STANDARD_DIP,0
460,PPERY,PT Bank Mandiri Persero TBK,,2026-05-14 17:55:55,9.6692,-6.577777777777774,BUY,,HIGH,COMPANY_SPECIFIC,9.0,9.3,8.7,9.78,10.13,AVOID,15.0,HIGH,9.0,9.3,9.78,10.13,,,DEEP_DIP,0
459,LGN,Legence Corp.,,2026-05-14 17:52:48,89.375,-10.625,WATCH,,MODERATE,EARNINGS_MISS,86.0,88.13,68.73,100.31,104.37,,,,,,,,,,SHALLOW_DIP,0
458,KWHIY,Kawasaki Heavy Industries Ltd.,,2026-05-14 17:49:42,8.09,-7.224770642201843,AVOID,,LOW,UNKNOWN,,,,,,,,,,,,,,,STANDARD_DIP,0
457,CGON,"CG Oncology, Inc.",,2026-05-14 17:46:27,68.85,-6.959459459459468,AVOID,,HIGH,MACRO_SELLOFF,64.12,67.03,57.12,69.01,,,,,,,,,3.43,4.73,STANDARD_DIP,0
456,OKLO,Oklo Inc.,,2026-05-14 17:01:09,65.295,-6.266149870801027,WATCH,,MODERATE,EARNINGS_MISS,61.43,62.5,51.1,71.5,80.0,,,,,,,,2.81,4.14,DEEP_DIP,0
455,MP,MP Materials Corp.,,2026-05-14 16:58:16,59.695,-6.331398085673932,AVOID,,HIGH,COMPANY_SPECIFIC,58.73,59.23,51.36,63.21,65.31,,,,,,,,2.93,4.8,DEEP_DIP,0
454,LSTR,"Landstar System, Inc.",,2026-05-14 15:06:33,163.805,-6.391793816789532,AVOID,,LOW,UNKNOWN,,,,,,,,,,,,,3.26,3.05,DEEP_DIP,0
453,CHRW,"C.H. Robinson Worldwide, Inc.",,2026-05-14 15:02:55,150.395,-7.88006860222956,AVOID,,HIGH,COMPANY_SPECIFIC,147.11,150.39,133.8,156.32,,,,,,,,,3.79,4.04,DEEP_DIP,0
452,XPEV,XPeng Inc.,,2026-05-14 14:34:32,15.735,-5.665467625899282,AVOID,,HIGH,MACRO_SELLOFF,14.96,15.38,13.16,16.34,17.41,,,,,,,,,,DEEP_DIP,0
451,TGOPY,3i Group,,2026-05-14 14:31:15,7.112,-14.928229665071763,AVOID,,LOW,EARNINGS_MISS,6.8,7.05,6.1,7.7,,,,,,,,,,,DEEP_DIP,0
450,SNAP,Snap Inc.,,2026-05-14 14:27:51,5.245,-6.506238859180039,AVOID,,LOW,ANALYST_DOWNGRADE,5.2,5.26,4.52,5.61,5.88,,,,,,,,3.1,3.32,DEEP_DIP,0
449,MHVIY,Mitsubishi Heavy Industries Ltd.,,2026-05-14 14:24:53,13.19,-6.981664315937943,BUY,,MODERATE,MACRO_SELLOFF,13.15,13.4,11.9,14.48,15.38,BUY_LIMIT,15.0,MODERATE,13.15,13.4,14.48,15.38,,,DEEP_DIP,0
448,LYSDY,Lynas Rare Earths Limited,,2026-05-14 14:21:32,13.0825,-8.959638135003479,AVOID,,HIGH,MACRO_SELLOFF,12.27,12.7,11.0,13.87,,,,,,,,,4.93,5.0,DEEP_DIP,0
447,FJIKY,Fujikura Ltd.,,2026-05-14 14:17:40,19.2,-25.029285435376806,AVOID,,LOW,EARNINGS_MISS,15.96,16.72,11.08,19.89,,,,,,,,,,,STANDARD_DIP,0
446,BLSH,Bullish,,2026-05-14 14:14:34,37.3,-10.786893087778056,WATCH,,MODERATE,EARNINGS_MISS,36.44,37.21,31.94,41.37,46.3,,,,,,,,,,DEEP_DIP,0
445,BILI,Bilibili Inc.,,2026-05-14 14:11:40,20.79,-6.938227394807524,AVOID,,LOW,MACRO_SELLOFF,20.14,20.79,18.25,22.28,23.51,,,,,,,,2.13,4.74,DEEP_DIP,0
444,XP,XP Inc.,,2026-05-14 13:48:12,17.29,-6.7924528301886875,AVOID,,LOW,EARNINGS_MISS,17.36,17.79,15.96,18.47,19.09,,,,,,,,3.13,4.3,DEEP_DIP,0
443,RKT,"Rocket Companies, Inc.",,2026-05-14 13:44:09,13.84,-6.486486486486492,AVOID,,HIGH,EARNINGS_MISS,13.11,13.41,11.44,14.8,14.89,,,,,,,,2.78,3.87,DEEP_DIP,0
442,EAT,"Brinker International, Inc.",,2026-05-14 13:39:43,126.36,-6.628242074927964,BUY,,MODERATE,SECTOR_ROTATION,124.0,126.5,118.5,135.5,142.5,BUY_LIMIT,30.0,MODERATE,124.0,126.5,135.5,142.5,3.99,4.43,DEEP_DIP,0
441,AXIA,AXIA Energia,,2026-05-14 13:37:08,10.99,-6.388415672913117,AVOID,,HIGH,COMPANY_SPECIFIC,10.5,10.99,9.4,11.74,,,,,,,,,2.82,5.0,DEEP_DIP,0
440,PODD,Insulet Corporation,,2026-05-13 19:20:16,148.52,-6.207767603410157,BUY_LIMIT,,MODERATE,COMPANY_SPECIFIC,139.85,145.0,126.5,161.0,175.0,BUY_LIMIT,30.0,MODERATE,139.85,145.0,161.0,175.0,2.92,4.45,DEEP_DIP,0
439,BOLSY,B3 SA Brasil Bolsa Balcao,,2026-05-13 18:57:02,9.95,-6.396989651928518,AVOID,,HIGH,MACRO_SELLOFF,9.82,9.95,8.59,10.63,10.68,,,,,,,,4.73,3.0,DEEP_DIP,0
438,STN,Stantec Inc,,2026-05-13 18:33:51,77.55,-6.91393590205258,WATCH,,LOW,MACRO_SELLOFF,75.5,77.59,71.5,83.35,88.85,,,,,,,,2.8,4.18,DEEP_DIP,0
437,J,Jacobs Solutions Inc.,,2026-05-13 18:30:19,107.355,-5.952693823915902,BUY,,HIGH,EARNINGS_MISS,95.0,100.0,85.0,115.0,125.0,AVOID,20.0,HIGH,95.0,100.0,115.0,125.0,3.06,4.05,DEEP_DIP,0
436,TTEK,"Tetra Tech, Inc.",,2026-05-13 17:04:50,26.85,-6.478578892371993,PASS_INSUFFICIENT_DATA,,NONE,UNKNOWN,,,,,,,,,,,,,,,DEEP_DIP,0
435,TECH,Bio-Techne Corp,,2026-05-13 17:03:26,44.755,-5.619991564740614,PASS_INSUFFICIENT_DATA,,NONE,UNKNOWN,,,,,,,,,,,,,,,DEEP_DIP,0
434,PSN,Parsons Corporation,,2026-05-13 17:02:41,49.715,-5.66413662239089,PASS_INSUFFICIENT_DATA,,NONE,UNKNOWN,,,,,,,,,,,,,,,DEEP_DIP,0
433,MANH,"Manhattan Associates, Inc.",,2026-05-13 17:01:01,127.115,-5.729012162563044,PASS_INSUFFICIENT_DATA,,NONE,UNKNOWN,,,,,,,,,,,,,,,DEEP_DIP,0
432,IT,"Gartner, Inc.",,2026-05-13 16:59:32,144.42,-5.583158995815913,PASS_INSUFFICIENT_DATA,,NONE,UNKNOWN,,,,,,,,,,,,,,,DEEP_DIP,0
431,BAH,Booz Allen Hamilton Holding Corporation,,2026-05-13 16:58:06,70.24,-6.880551504706365,PASS_INSUFFICIENT_DATA,,NONE,UNKNOWN,,,,,,,,,,,,,,,DEEP_DIP,0
430,AMTM,"Amentum Holdings, Inc.",,2026-05-13 16:56:39,22.84,-6.046894282188395,PASS_INSUFFICIENT_DATA,,NONE,UNKNOWN,,,,,,,,,,,,,,,DEEP_DIP,0
429,ALM,Almonty Industries Inc.,,2026-05-13 16:55:57,20.8,-5.967450271247741,PASS_INSUFFICIENT_DATA,,NONE,UNKNOWN,,,,,,,,,,,,,,,STANDARD_DIP,0
428,ACN,Accenture plc,,2026-05-13 16:55:11,158.8399,-6.438181068504453,PASS_INSUFFICIENT_DATA,,NONE,UNKNOWN,,,,,,,,,,,,,,,DEEP_DIP,0
427,TRI,Thomson Reuters Corp,,2026-05-13 16:28:40,82.1,-5.918753222941621,PASS_INSUFFICIENT_DATA,,NONE,UNKNOWN,,,,,,,,,,,,,,,DEEP_DIP,0
426,TLN,Talen Energy Corporation,,2026-05-13 16:27:14,339.605,-9.344384826886627,PASS_INSUFFICIENT_DATA,,NONE,UNKNOWN,,,,,,,,,,,,,,,DEEP_DIP,0
425,QBTS,D-Wave Quantum Inc.,,2026-05-13 16:25:54,20.82,-6.845637583892622,PASS_INSUFFICIENT_DATA,,NONE,UNKNOWN,,,,,,,,,,,,,,,STANDARD_DIP,0
424,PINS,"Pinterest, Inc.",,2026-05-13 16:24:40,19.31,-6.079766536964981,PASS_INSUFFICIENT_DATA,,NONE,UNKNOWN,,,,,,,,,,,,,,,DEEP_DIP,0
423,MORN,"Morningstar, Inc.",,2026-05-13 16:23:13,162.57,-7.536116482766466,PASS_INSUFFICIENT_DATA,,NONE,UNKNOWN,,,,,,,,,,,,,,,DEEP_DIP,0
422,KTOS,"Kratos Defense & Security Solutions, Inc.",,2026-05-13 16:22:28,52.52,-8.390022675736954,PASS_INSUFFICIENT_DATA,,NONE,UNKNOWN,,,,,,,,,,,,,,,DEEP_DIP,0
421,JBS,JBS N.V.,,2026-05-13 16:21:09,14.295,-6.385068762278976,PASS_INSUFFICIENT_DATA,,NONE,UNKNOWN,,,,,,,,,,,,,,,DEEP_DIP,0
420,FDS,FactSet Research Systems Inc.,,2026-05-13 16:19:43,199.455,-7.6255094479436725,PASS_INSUFFICIENT_DATA,,NONE,UNKNOWN,,,,,,,,,,,,,,,DEEP_DIP,0
419,DT,"Dynatrace, Inc.",,2026-05-13 16:18:57,33.9525,-13.40856924254017,PASS_INSUFFICIENT_DATA,,NONE,UNKNOWN,,,,,,,,,,,,,,,DEEP_DIP,0
418,CHWY,"Chewy, Inc.",,2026-05-13 16:12:39,21.445,-6.353711790393006,AVOID,,HIGH,MACRO_SELLOFF,21.41,21.86,18.41,23.34,25.25,,,,,,,,2.98,4.28,DEEP_DIP,0
417,CEG,Constellation Energy Corporation,,2026-05-13 16:05:44,271.98,-7.363760217983652,BUY,,HIGH,MACRO_SELLOFF,245.0,250.0,238.0,275.0,285.0,AVOID,35.0,HIGH,245.0,250.0,275.0,285.0,3.03,4.23,DEEP_DIP,0
416,BIRK,Birkenstock Holding plc,,2026-05-13 15:55:43,32.69,-13.860342555994743,AVOID,,HIGH,EARNINGS_MISS,32.43,34.41,29.4,37.57,38.44,,,,,,,,2.87,4.57,DEEP_DIP,0
415,AXON,"Axon Enterprise, Inc.",,2026-05-13 15:45:30,368.86,-6.299852664736069,BUY,,HIGH,MACRO_SELLOFF,339.01,345.0,325.0,375.43,398.11,AVOID,15.0,HIGH,339.01,345.0,375.43,398.11,2.74,4.4,DEEP_DIP,0
414,AVAV,"AeroVironment, Inc.",,2026-05-13 15:36:43,158.64,-6.052351060049761,AVOID,,LOW,MACRO_SELLOFF,155.14,160.19,134.14,170.5,185.69,,,,,,,,1.28,4.36,DEEP_DIP,0
413,APPF,"AppFolio, Inc.",,2026-05-13 15:23:56,145.55,-6.32642553739219,BUY_LIMIT,,MODERATE,MACRO_SELLOFF,142.73,146.04,127.0,161.84,164.3,,,,,,,,3.14,4.66,DEEP_DIP,0
412,APP,Applovin Corporation,,2026-05-13 15:12:47,455.44,-7.1837616417697525,BUY_LIMIT,,MODERATE,MACRO_SELLOFF,437.0,448.2,378.11,490.67,499.67,,,,,,,,4.68,4.53,DEEP_DIP,0
411,VOD,Vodafone Group Plc,,2026-05-12 15:38:09,14.925,-8.547794117647056,AVOID,,HIGH,EARNINGS_MISS,14.68,14.84,13.25,15.67,16.23,,,,,,,,3.38,1.75,DEEP_DIP,0
410,RDY,Dr. Reddy's Laboratories Ltd,,2026-05-12 15:30:48,12.3,-6.392694063926939,AVOID,,HIGH,EARNINGS_MISS,12.1,12.275,11.3,13.11,13.6,,,,,,,,,,DEEP_DIP,0
409,ONON,On Holding AG,,2026-05-12 15:23:01,32.02,-5.934195064629836,BUY,,HIGH,COMPANY_SPECIFIC,24.5,26.5,21.0,31.0,34.5,AVOID,25.0,HIGH,24.5,26.5,31.0,34.5,2.68,4.4,DEEP_DIP,0
408,HIMS,"Hims & Hers Health, Inc.",,2026-05-12 15:15:38,26.06,-10.569663692518882,AVOID,,LOW,EARNINGS_MISS,23.5,24.5,19.02,27.8,29.5,,,,,,,,,,DEEP_DIP,0
407,FORM,"FormFactor, Inc.",,2026-05-12 15:09:12,132.09,-12.75429326287979,WATCH,,MODERATE,MACRO_SELLOFF,116.53,126.19,68.77,141.03,150.04,,,,,,,,3.49,3.4,DEEP_DIP,0
406,CRWV,"CoreWeave, Inc.",,2026-05-12 15:01:31,106.46,-7.183958151700096,AVOID,,LOW,EARNINGS_MISS,100.28,104.14,81.47,113.01,117.7,,,,,,,,3.02,4.14,DEEP_DIP,0
405,CAMT,Camtek Ltd.,,2026-05-12 14:48:16,177.82,-14.28709148751567,WATCH,,MODERATE,MACRO_SELLOFF,156.25,171.9,129.27,190.0,206.92,,,,,,,,3.38,4.0,DEEP_DIP,0
404,ASTS,"AST SpaceMobile, Inc.",,2026-05-12 14:41:39,73.2801,-11.229436705027247,AVOID,,LOW,EARNINGS_MISS,61.94,65.0,47.1,81.84,84.71,,,,,,,,2.91,3.4,STANDARD_DIP,0
403,ACM,AECOM,,2026-05-12 14:33:46,71.67,-9.849056603773583,BUY,,HIGH,COMPANY_SPECIFIC,70.5,72.0,65.8,79.27,82.6,BUY,60.0,HIGH,70.5,72.0,79.27,82.6,3.21,4.5,DEEP_DIP,0
402,W,Wayfair Inc.,,2026-05-12 14:02:14,61.38,-7.364926048898283,AVOID,,LOW,MACRO_SELLOFF,57.28,60.35,49.0,65.14,71.66,,,,,,,,2.82,4.0,DEEP_DIP,0
401,UI,Ubiquiti Inc.,,2026-05-12 13:48:52,738.61,-12.289514309464435,AVOID,,LOW,EARNINGS_MISS,660.0,670.0,536.56,746.35,784.54,,,,,,,,3.44,3.0,DEEP_DIP,0
400,RGC,Regencell Bioscience Holdings Limited,,2026-05-12 13:43:00,27.33,-6.65983606557378,AVOID,,HIGH,COMPANY_SPECIFIC,26.61,27.24,22.61,28.83,,,,,,,,,,,DEEP_DIP,0
399,ELAN,Elanco Animal Health Incorporated,,2026-05-11 18:40:21,22.095,-6.575052854122621,BUY_LIMIT,,MODERATE,EARNINGS_MISS,21.5,22.1,19.07,23.65,24.5,,,,,,,,3.27,4.52,DEEP_DIP,0
398,RYTM,"Rhythm Pharmaceuticals, Inc.",,2026-05-11 18:11:51,87.365,-7.226292874588518,AVOID,,HIGH,COMPANY_SPECIFIC,78.76,84.07,69.76,87.34,93.52,,,,,,,,1.41,4.62,STANDARD_DIP,0
397,CNSWY,"Constellation Software, Inc.",,2026-05-11 17:42:55,8.935,-5.9473684210526265,WATCH,,MODERATE,COMPANY_SPECIFIC,8.2,8.54,6.8,9.5,,,,,,,,,,,DEEP_DIP,0
396,ZTS,Zoetis Inc.,,2026-05-11 17:19:34,77.08,-6.941929252686226,AVOID,,LOW,EARNINGS_MISS,75.0,76.94,65.36,82.68,86.07,,,,,,,,3.22,4.0,DEEP_DIP,0
395,URBN,"Urban Outfitters, Inc.",,2026-05-11 17:16:22,67.185,-6.034965034965032,AVOID,,LOW,EARNINGS_MISS,62.42,65.4,58.0,71.01,76.62,,,,,,,,4.02,3.61,DEEP_DIP,0
394,SNAP,Snap Inc.,,2026-05-11 17:13:05,5.72,-5.921052631578952,AVOID,,HIGH,EARNINGS_MISS,5.54,5.61,4.84,6.04,6.5,,,,,,,,3.1,3.32,DEEP_DIP,0
393,SHOP,Shopify Inc.,,2026-05-11 17:08:59,103.91,-5.887147903269631,BUY,,MODERATE,EARNINGS_MISS,103.0,104.5,98.5,110.41,121.46,BUY,35.0,MODERATE,103.0,104.5,110.41,121.46,2.94,4.25,DEEP_DIP,0
392,SHOP,Shopify Inc.,,2026-05-11 16:51:26,104.2999,-5.534009600579661,PASS_INSUFFICIENT_DATA,,,,,,,,,,,,,,,,,,DEEP_DIP,0
391,PCOR,"Procore Technologies, Inc.",,2026-05-11 16:46:25,50.095,-5.977852852852857,WATCH,,MODERATE,EARNINGS_MISS,49.12,50.31,43.62,54.92,55.83,,,,,,,,,,DEEP_DIP,0
390,ISRG,"Intuitive Surgical, Inc.",,2026-05-11 16:42:39,421.28,-6.394702928498429,AVOID,,HIGH,COMPANY_SPECIFIC,420.24,423.8,378.76,452.73,468.5,,,,,,,,3.31,4.05,DEEP_DIP,0
389,FND,"Floor & Decor Holdings, Inc.",,2026-05-11 16:38:59,48.81,-5.6446936013918325,AVOID,,HIGH,EARNINGS_MISS,44.4,46.99,38.87,52.0,55.01,,,,,,,,1.44,3.39,DEEP_DIP,0
388,FIVE,"Five Below, Inc.",,2026-05-11 16:33:21,208.175,-6.70237081521982,AVOID,,HIGH,MACRO_SELLOFF,205.0,208.27,181.86,215.35,,,,,,,,,3.42,4.2,DEEP_DIP,0
387,CSLLY,CSL Ltd.,,2026-05-11 16:27:13,18.23,-16.029479502533395,AVOID,,HIGH,EARNINGS_MISS,17.77,18.23,15.77,20.81,21.71,,,,,,,,1.2,3.0,DEEP_DIP,0
386,WAL,Western Alliance Bancorporation,,2026-05-11 16:00:34,76.91,-6.092796092796104,AVOID,,LOW,COMPANY_SPECIFIC,73.77,75.27,68.77,79.85,82.4,,,,,,,,2.3,4.2,DEEP_DIP,0
385,VIV,Telefonica Brasil S.A.,,2026-05-11 15:54:28,14.66,-6.025641025641022,BUY_LIMIT,,MODERATE,MACRO_SELLOFF,14.5,14.83,13.6,15.78,15.94,,,,,,,,3.89,3.14,DEEP_DIP,0
384,U,Unity Software Inc.,,2026-05-11 15:48:48,26.23,-6.853693181818181,WATCH,,MODERATE,MACRO_SELLOFF,24.06,24.86,20.71,28.42,34.26,,,,,,,,3.0,4.11,STANDARD_DIP,0
383,TTD,"The Trade Desk, Inc.",,2026-05-11 15:44:12,21.52,-6.759098786828417,AVOID,,HIGH,EARNINGS_MISS,19.74,20.71,16.9,22.9,23.69,,,,,,,,2.68,3.78,DEEP_DIP,0
382,TGT,Target Corporation,,2026-05-11 15:37:59,118.7,-5.2295409181636705,AVOID,,HIGH,MACRO_SELLOFF,116.5,118.73,109.5,125.28,127.32,,,,,,,,3.42,3.45,DEEP_DIP,0
381,SFTBY,Softbank Group Corp,,2026-05-11 15:32:03,18.395,-8.709677419354835,AVOID,,HIGH,COMPANY_SPECIFIC,17.0,17.2,13.8,20.1,20.93,,,,,,,,3.41,2.0,SHALLOW_DIP,0
380,GAP,"Gap, Inc. (The)",,2026-05-11 15:25:41,22.085,-5.498502353444588,BUY_LIMIT,,HIGH,COMPANY_SPECIFIC,21.5,21.85,19.62,24.0,24.41,AVOID,25.0,HIGH,21.5,21.85,24.0,24.41,3.0,4.15,DEEP_DIP,0
379,FLUT,Flutter Entertainment plc,,2026-05-11 15:17:24,94.7,-6.413677240834069,BUY_LIMIT,,MODERATE,EARNINGS_MISS,94.44,95.0,84.84,101.25,103.47,,,,,,,,1.25,4.38,DEEP_DIP,0
378,ETSY,"Etsy, Inc.",,2026-05-11 15:12:16,60.585,-5.894687791239507,WATCH,,MODERATE,MACRO_SELLOFF,57.43,58.87,51.53,64.6,66.75,,,,,,,,4.65,3.3,DEEP_DIP,0
377,DG,Dollar General Corporation,,2026-05-11 15:05:51,107.02,-5.5344690617000705,AVOID,,HIGH,MACRO_SELLOFF,104.13,105.5,89.63,112.88,118.48,,,,,,,,3.26,3.7,DEEP_DIP,0
376,CELH,"Celsius Holdings, Inc.",,2026-05-11 14:56:55,29.665,-8.129451842675751,AVOID,,LOW,EARNINGS_MISS,28.93,29.66,23.54,31.04,32.5,,,,,,,,2.89,4.39,DEEP_DIP,0
368,TEST_T3,,,2026-05-09 18:12:39,150.0,-7.5,BUY_LIMIT,,MODERATE,EARNINGS_MISS,145.0,150.0,138.5,161.3,170.0,,,,,,,,,,,0
369,TEST_T4,,,2026-05-09 18:12:39,100.0,-5.0,WATCH,,LOW,UNKNOWN,,,,,,,,,,,,,,,,0
370,TEST_T5,,,2026-05-09 18:12:39,200.0,-3.0,AVOID,,,,,,,,,,,,,,,,,,,0
371,T8_BUY,,,2026-05-09 18:12:39,100.0,-5.0,PASS_INSUFFICIENT_DATA,,,,,,,,,,,,,,,,,,,0
372,T8_BUY_LIMIT,,,2026-05-09 18:12:39,100.0,-5.0,PASS_INSUFFICIENT_DATA,,,,,,,,,,,,,,,,,,,0
373,T8_WATCH,,,2026-05-09 18:12:39,100.0,-5.0,PASS_INSUFFICIENT_DATA,,,,,,,,,,,,,,,,,,,0
374,T8_AVOID,,,2026-05-09 18:12:39,100.0,-5.0,PASS_INSUFFICIENT_DATA,,,,,,,,,,,,,,,,,,,0
375,TEST_T12,,,2026-05-09 18:12:39,93.0,-7.0,BUY,,HIGH,MACRO_SELLOFF,91.5,94.0,86.0,100.0,105.0,,,,,,,,,,,0
367,TEST,,,2026-05-09 17:43:19,100.0,-5.0,BUY,,,,,,,,,,,,,,,,,,,0
366,G,Genpact Limited,,2026-05-08 19:43:15,31.83,-7.685614849187932,PASS_INSUFFICIENT_DATA,,,,,,,,,,,,,,,,,,DEEP_DIP,0
365,UUUU,Energy Fuels Inc,,2026-05-08 15:29:23,21.39,-8.39400428265525,AVOID,,HIGH,EARNINGS_MISS,19.84,21.21,16.28,23.4,,,,,,,,,,,SHALLOW_DIP,0
364,UI,Ubiquiti Inc.,,2026-05-08 15:24:41,833.74,-10.030322977478988,BUY,,HIGH,COMPANY_SPECIFIC,650.0,680.0,590.0,742.0,795.0,AVOID,20.0,HIGH,650.0,680.0,742.0,795.0,,,DEEP_DIP,0
363,SYM,Symbotic Inc.,,2026-05-08 15:20:43,51.66,-8.452950558213722,BUY,,MODERATE,SECTOR_ROTATION,48.5,50.5,45.0,55.0,58.67,BUY_LIMIT,35.0,MODERATE,48.5,50.5,55.0,58.67,,,DEEP_DIP,0
362,RNMBY,Rheinmetall AG,,2026-05-08 15:17:02,286.82,-9.11913814955641,WATCH,,MODERATE,EARNINGS_MISS,286.0,293.33,258.65,311.0,318.58,,,,,,,,,,DEEP_DIP,0
361,NTRA,"Natera, Inc.",,2026-05-08 15:13:03,201.5651,-8.304476389773448,BUY_LIMIT,,HIGH,EARNINGS_MISS,194.15,198.56,172.62,220.5,226.08,,,,,,,,,,STANDARD_DIP,0
360,MTD,"Mettler-Toledo International, Inc.",,2026-05-08 15:08:29,1153.79,-12.544626276254652,AVOID,,LOW,EARNINGS_MISS,1133.0,1160.0,1034.2,1215.0,1269.0,,,,,,,,,,DEEP_DIP,0
359,MSI,"Motorola Solutions, Inc.",,2026-05-08 15:03:39,387.64,-10.517082179132041,BUY,,MODERATE,EARNINGS_MISS,385.0,395.0,374.0,415.0,430.0,BUY,45.0,MODERATE,385.0,395.0,415.0,430.0,,,DEEP_DIP,0
358,HTHIF,Hitachi Ltd.,,2026-05-08 14:59:18,29.5,-8.427751047648622,WATCH,,MODERATE,EARNINGS_MISS,28.27,29.0,23.69,31.11,32.22,,,,,,,,,,DEEP_DIP,0
357,ESE,ESCO Technologies Inc.,,2026-05-08 14:54:20,304.365,-8.535925714457425,WATCH,,MODERATE,EARNINGS_MISS,294.97,298.89,234.65,318.79,324.66,,,,,,,,,,DEEP_DIP,0
356,APP,Applovin Corporation,,2026-05-08 14:50:55,449.999931,-9.796153106019604,BUY_LIMIT,,HIGH,COMPANY_SPECIFIC,0.0,0.0,0.0,0.0,528.0,AVOID,10.0,HIGH,0.0,0.0,0.0,,,,STANDARD_DIP,1
355,TOST,"Toast, Inc.",,2026-05-08 14:28:07,25.08,-14.635806671204904,BUY,,MODERATE,EARNINGS_MISS,23.8,24.4,22.65,26.5,28.0,BUY_LIMIT,30.0,MODERATE,23.8,24.4,26.5,28.0,,,DEEP_DIP,0
354,OSK,Oshkosh Corporation (Holding Company),,2026-05-08 14:25:24,131.89,-13.831177316085205,AVOID,,LOW,EARNINGS_MISS,132.02,135.0,117.93,141.46,,,,,,,,,,,DEEP_DIP,0
353,NET,"Cloudflare, Inc.",,2026-05-08 14:22:15,210.01,-18.21722029674054,AVOID,,HIGH,EARNINGS_MISS,171.83,188.17,142.26,211.46,,,,,,,,,,,STANDARD_DIP,0
352,MELI,"MercadoLibre, Inc.",,2026-05-08 14:18:33,1683.53,-9.972139186421463,BUY_LIMIT,,MODERATE,EARNINGS_MISS,1575.0,1610.0,1450.0,1825.0,2075.0,BUY_LIMIT,30.0,MODERATE,1575.0,1610.0,1825.0,2075.0,,,DEEP_DIP,0
351,IBP,"Installed Building Products, Inc.",,2026-05-08 14:15:31,216.92,-27.565365479012932,AVOID,,LOW,EARNINGS_MISS,210.0,220.0,174.61,240.0,250.0,,,,,,,,,,DEEP_DIP,0
350,HUBS,"HubSpot, Inc.",,2026-05-08 14:12:39,186.86,-23.33005087805678,BUY_LIMIT,,MODERATE,EARNINGS_MISS,180.5,188.0,168.5,225.55,242.04,BUY_LIMIT,40.0,MODERATE,180.5,188.0,225.55,242.04,,,DEEP_DIP,0
349,GMAB,Genmab A/S,,2026-05-08 14:08:52,25.6,-5.395417590539532,BUY_LIMIT,,MODERATE,EARNINGS_MISS,25.0,25.5,23.0,28.08,28.91,,,,,,,,,,DEEP_DIP,0
348,FLR,Fluor Corporation,,2026-05-08 14:05:40,43.985,-13.88997650743931,BUY_LIMIT,,MODERATE,EARNINGS_MISS,42.0,43.5,39.5,48.0,50.5,BUY_LIMIT,35.0,MODERATE,42.0,43.5,48.0,50.5,,,DEEP_DIP,0
347,FIS,"Fidelity National Information Services, Inc.",,2026-05-08 14:01:15,44.49,-5.8412698412698365,BUY,,MODERATE,EARNINGS_MISS,42.5,43.25,41.2,45.81,46.82,BUY_LIMIT,35.0,MODERATE,42.5,43.25,45.81,46.82,,,DEEP_DIP,0
346,EXPE,"Expedia Group, Inc.",,2026-05-08 13:58:04,230.81,-8.694964199533207,BUY,,MODERATE,EARNINGS_MISS,224.0,227.0,214.5,236.9,245.0,BUY_LIMIT,30.0,MODERATE,224.0,227.0,236.9,245.0,,,DEEP_DIP,0
345,EMBJ,Embraer S.A.,,2026-05-08 13:54:32,62.39,-7.911439114391143,BUY_LIMIT,,HIGH,COMPANY_SPECIFIC,52.95,54.5,49.5,62.03,69.24,AVOID,25.0,HIGH,52.95,54.5,62.03,,,,DEEP_DIP,1
344,CRWV,"CoreWeave, Inc.",,2026-05-08 13:51:12,117.0699,-9.1354393045638,BUY_LIMIT,,MODERATE,EARNINGS_MISS,103.6,106.0,85.42,129.02,145.0,,,,,,,,,,STANDARD_DIP,0
343,COKE,"Coca-Cola Consolidated, Inc.",,2026-05-07 15:17:29,176.01,-16.392741782253477,PASS_INSUFFICIENT_DATA,,,,,,,,,,,,,,,,,,DEEP_DIP,0
342,CHYM,"Chime Financial, Inc.",,2026-05-07 15:13:24,20.2,-7.040957202024856,BUY,,MODERATE,EARNINGS_MISS,19.76,20.25,17.25,21.75,23.25,,,,,,,,,,DEEP_DIP,0
341,BROS,Dutch Bros Inc.,,2026-05-07 15:08:50,53.445,-9.507280731459536,AVOID,,HIGH,EARNINGS_MISS,50.63,51.13,44.89,54.88,57.34,,,,,,,,,,STANDARD_DIP,0
340,APA,APA Corporation,,2026-05-07 15:04:15,35.73,-6.710182767624022,AVOID,,HIGH,SECTOR_ROTATION,34.67,34.91,27.35,38.3,,,,,,,,,,,DEEP_DIP,0
339,TIMB,TIM S.A.,,2026-05-06 16:07:32,24.97,-7.859778597785986,WATCH,,MODERATE,ANALYST_DOWNGRADE,22.91,24.4,21.21,26.42,27.0,,,,,,,,,,DEEP_DIP,0
338,TECH,Bio-Techne Corp,,2026-05-06 16:02:33,51.71,-8.76852505292872,AVOID,,LOW,EARNINGS_MISS,44.83,46.05,39.11,52.0,54.15,,,,,,,,,,DEEP_DIP,0
337,SWKS,"Skyworks Solutions, Inc.",,2026-05-06 15:58:53,64.765,-10.742833517089307,WATCH,,MODERATE,EARNINGS_MISS,61.5,62.5,55.32,72.8,76.0,,,,,,,,,,SHALLOW_DIP,0
336,PRIM,Primoris Services Corporation,,2026-05-06 15:55:35,110.295,-45.646067415730336,AVOID,,LOW,EARNINGS_MISS,110.06,111.0,80.59,130.12,135.35,,,,,,,,,,DEEP_DIP,0
335,NICE,NICE Ltd,,2026-05-06 15:52:00,100.19,-19.85441164706824,BUY_LIMIT,,MODERATE,EARNINGS_MISS,94.5,97.5,89.0,112.0,119.0,BUY_LIMIT,35.0,MODERATE,94.5,97.5,112.0,119.0,,,STANDARD_DIP,0
334,MDLN,Medline Inc.,,2026-05-06 15:49:00,40.38,-10.900264783759924,AVOID,,LOW,EARNINGS_MISS,41.0,41.52,38.0,44.42,47.12,,,,,,,,,,DEEP_DIP,0
333,GOLF,Acushnet Holdings Corp.,,2026-05-06 15:45:35,86.32,-7.964601769911519,BUY,,MODERATE,EARNINGS_MISS,84.78,86.05,78.58,90.8,93.16,BUY,0.0,MODERATE,,,,,,,DEEP_DIP,0
332,EQNR,Equinor ASA,,2026-05-06 15:41:47,37.845,-8.498549323017409,AVOID,,HIGH,EARNINGS_MISS,35.51,36.13,27.83,39.33,41.33,,,,,,,,,,STANDARD_DIP,0
331,CRC,California Resources Corporation,,2026-05-06 15:38:15,63.395,-9.603593326679015,BUY_LIMIT,,HIGH,COMPANY_SPECIFIC,50.53,53.4,48.0,64.06,73.0,AVOID,35.0,HIGH,50.53,53.4,64.06,,,,DEEP_DIP,1
330,CPNG,"Coupang, Inc.",,2026-05-06 15:34:24,17.8116,-14.202312138728338,AVOID,,HIGH,EARNINGS_MISS,16.74,17.54,15.01,18.73,19.62,,,,,,,,,,DEEP_DIP,0
329,COR,"Cencora, Inc.",,2026-05-06 15:29:17,250.5,-18.11049362536776,BUY,,HIGH,COMPANY_SPECIFIC,225.0,235.0,210.0,265.0,280.0,AVOID,25.0,HIGH,225.0,235.0,265.0,280.0,,,DEEP_DIP,0
328,CLH,"Clean Harbors, Inc.",,2026-05-06 15:25:15,287.86,-8.23716927000318,BUY_LIMIT,,MODERATE,EARNINGS_MISS,275.83,279.0,253.9,314.72,320.0,,,,,,,,,,DEEP_DIP,0
327,CE,Celanese Corporation,,2026-05-06 15:22:05,62.42,-9.549340675264459,BUY_LIMIT,,MODERATE,EARNINGS_MISS,60.64,61.5,59.4,65.2,67.5,BUY_LIMIT,40.0,MODERATE,60.64,61.5,65.2,67.5,,,DEEP_DIP,0
326,CDW,CDW Corporation,,2026-05-06 15:16:19,108.855,-20.427631578947373,BUY_LIMIT,,MODERATE,EARNINGS_MISS,103.14,108.3,91.87,118.99,125.78,,,,,,,,,,DEEP_DIP,0
325,CART,Maplebear Inc.,,2026-05-06 15:12:28,40.01,-8.52766346593508,BUY_LIMIT,,HIGH,EARNINGS_MISS,39.1,39.5,35.39,44.03,46.0,BUY_LIMIT,50.0,HIGH,39.1,39.5,44.03,46.0,,,DEEP_DIP,0
324,ANET,"Arista Networks, Inc.",,2026-05-06 15:09:12,147.06,-13.605921748325695,BUY,,MODERATE,EARNINGS_MISS,143.73,146.25,134.5,157.43,164.5,BUY_LIMIT,35.0,MODERATE,143.73,146.25,157.43,164.5,,,DEEP_DIP,1
323,ALC,Alcon Inc.,,2026-05-06 15:05:50,67.25,-9.670920080591005,BUY,,HIGH,EARNINGS_MISS,66.5,67.5,64.25,71.5,74.4,BUY,60.0,HIGH,66.5,67.5,71.5,74.4,,,DEEP_DIP,0
322,FN,Fabrinet,,2026-05-05 18:38:06,676.47,-5.757871273335182,PASS_INSUFFICIENT_DATA,,,,,,,,,,,,,,,,,,STANDARD_DIP,0
321,FDS,FactSet Research Systems Inc.,,2026-05-05 17:49:27,212.12,-5.489217608269468,AVOID,,LOW,UNKNOWN,,,,,,,,,,,,,,,DEEP_DIP,0
320,AVAV,"AeroVironment, Inc.",,2026-05-05 17:45:37,167.58,-7.034283812271153,AVOID,,LOW,COMPANY_SPECIFIC,160.0,167.51,135.37,180.18,204.07,,,,,,,,,,DEEP_DIP,0
319,AMTM,"Amentum Holdings, Inc.",,2026-05-05 17:38:57,24.34,-5.512422360248453,BUY,,MODERATE,TECHNICAL_BREAKDOWN,23.5,24.34,21.9,26.64,27.51,BUY_LIMIT,25.0,MODERATE,23.5,24.34,26.64,27.51,,,DEEP_DIP,0
318,FN,Fabrinet,,2026-05-05 15:34:27,676.405,-5.766926720534966,PASS_INSUFFICIENT_DATA,,,,,,,,,,,,,,,,,,STANDARD_DIP,0
317,WLK,Westlake Corporation,,2026-05-05 15:10:21,103.655,-9.763210585879694,AVOID,,LOW,EARNINGS_MISS,101.12,104.65,87.49,108.2,112.01,,,,,,,,,,DEEP_DIP,0
316,SHOP,Shopify Inc.,,2026-05-05 15:05:44,117.23,-8.090944727557815,BUY_LIMIT,,MODERATE,EARNINGS_MISS,110.46,113.33,97.87,123.5,127.1,,,,,,,,,,DEEP_DIP,0
315,PYPL,"PayPal Holdings, Inc.",,2026-05-05 15:01:32,45.375,-9.9523715022822,AVOID,,LOW,EARNINGS_MISS,45.11,45.36,42.11,49.15,50.37,,,,,,,,,,DEEP_DIP,0
314,PSKY,Paramount Skydance Corporation,,2026-05-05 14:57:21,10.498,-5.678346810422295,AVOID,,HIGH,EARNINGS_MISS,10.0,10.15,8.81,11.04,11.5,,,,,,,,,,DEEP_DIP,0
313,POOL,Pool Corporation,,2026-05-05 14:53:51,190.91,-6.062097131329033,BUY_LIMIT,,HIGH,COMPANY_SPECIFIC,165.73,170.0,155.0,190.81,203.13,AVOID,35.0,HIGH,165.73,170.0,190.81,203.13,,,DEEP_DIP,0
312,PCOR,"Procore Technologies, Inc.",,2026-05-05 14:49:26,53.46,-13.91304347826087,BUY_LIMIT,,MODERATE,EARNINGS_MISS,48.5,49.5,42.04,64.15,65.97,,,,,,,,,,STANDARD_DIP,0
311,MBFJF,"Mitsubishi UFJ Financial Group, Inc.",,2026-05-05 14:44:43,17.752,-5.069518716577543,WATCH,,MODERATE,MACRO_SELLOFF,16.58,17.54,14.14,18.7,19.16,,,,,,,,,,STANDARD_DIP,0
310,HII,"Huntington Ingalls Industries, Inc.",,2026-05-05 14:38:16,327.73,-9.808184495142688,WATCH,,MODERATE,EARNINGS_MISS,314.81,320.0,286.46,368.71,378.01,,,,,,,,,,DEEP_DIP,0
309,FMS,Fresenius Medical Care AG,,2026-05-05 14:34:48,20.54,-9.315673289183222,AVOID,,HIGH,EARNINGS_MISS,20.0,20.5,19.0,21.5,,,,,,,,,,,DEEP_DIP,0
308,FISV,"Fiserv, Inc.",,2026-05-05 14:31:17,57.64,-8.231173380035028,AVOID,,HIGH,EARNINGS_MISS,55.85,58.15,50.85,59.4,60.91,,,,,,,,,,DEEP_DIP,0
307,ETN,"Eaton Corporation, PLC",,2026-05-05 14:27:02,397.88,-5.813843386042989,BUY_LIMIT,,MODERATE,EARNINGS_MISS,380.87,385.16,351.8,429.62,440.0,,,,,,,,,,DEEP_DIP,0
306,APTV,Aptiv PLC,,2026-05-05 14:24:00,55.09,-7.458424323870314,BUY_LIMIT,,MODERATE,COMPANY_SPECIFIC,52.5,54.5,49.0,57.5,60.16,BUY_LIMIT,30.0,MODERATE,52.5,54.5,57.5,60.16,,,DEEP_DIP,0
305,ALSN,"Allison Transmission Holdings, Inc.",,2026-05-05 14:20:39,121.94,-5.502169869807807,AVOID,,LOW,EARNINGS_MISS,120.57,122.25,100.46,128.11,129.7,,,,,,,,,,DEEP_DIP,0
304,AEIS,"Advanced Energy Industries, Inc.",,2026-05-05 14:15:36,356.125,-7.985169108337849,BUY_LIMIT,,MODERATE,EARNINGS_MISS,340.0,345.0,237.07,377.63,387.05,,,,,,,,,,DEEP_DIP,0
303,SAIA,"Saia, Inc.",,2026-05-05 13:50:51,405.09,-8.196981371526995,WATCH,,MODERATE,MACRO_SELLOFF,384.24,395.16,342.73,445.0,455.0,,,,,,,,,,STANDARD_DIP,0
302,ENGIY,ENGIE SA,,2026-05-05 13:46:42,32.52,-6.201326795500428,WATCH,,LOW,COMPANY_SPECIFIC,31.85,32.35,26.56,33.6,34.66,,,,,,,,,,DEEP_DIP,0
301,DHLGY,Deutsche Post AG,,2026-05-05 13:42:38,27.28,-8.609715242881071,AVOID,,HIGH,COMPANY_SPECIFIC,25.6,26.0,24.1,27.45,,,,,,,,,,,DEEP_DIP,0
300,CNA,CNA Financial Corporation,,2026-05-05 13:38:19,44.22,-7.9517069109075775,AVOID,,HIGH,EARNINGS_MISS,43.09,44.22,41.09,45.76,46.81,,,,,,,,,,DEEP_DIP,0
299,CNA,CNA Financial Corporation,,2026-05-04 18:58:32,44.53,-7.306411323896748,PASS_INSUFFICIENT_DATA,,,,,,,,,,,,,,,,,,DEEP_DIP,0
298,SCGLY,Societe Generale,,2026-05-04 16:49:38,15.305,-5.524691358024689,AVOID,,HIGH,EARNINGS_MISS,14.43,14.64,13.53,15.96,16.16,,,,,,,,,,DEEP_DIP,0
297,MHK,"Mohawk Industries, Inc.",,2026-05-04 16:46:44,94.465,-5.468828179725811,AVOID,,LOW,EARNINGS_MISS,93.1,93.6,83.96,100.11,104.51,,,,,,,,,,DEEP_DIP,0
296,IDCC,"InterDigital, Inc.",,2026-05-04 16:42:29,273.69,-5.786574870912221,BUY,,HIGH,COMPANY_SPECIFIC,0.0,0.0,0.0,0.0,347.87,AVOID,10.0,HIGH,0.0,0.0,0.0,,,,DEEP_DIP,0
295,XPO,"XPO, Inc.",,2026-05-04 16:20:10,203.07,-5.671683389074697,BUY_LIMIT,,MODERATE,SECTOR_ROTATION,198.9,202.18,156.65,217.0,231.0,,,,,,,,,,DEEP_DIP,0
294,ODFL,"Old Dominion Freight Line, Inc.",,2026-05-04 16:16:05,194.64,-5.427335892327883,BUY,,HIGH,COMPANY_SPECIFIC,187.52,190.0,186.5,201.01,205.42,AVOID,15.0,HIGH,187.52,190.0,201.01,205.42,,,DEEP_DIP,0
293,LRLCY,L'Oreal Co.,,2026-05-04 16:12:59,83.97,-5.247122545700751,WATCH,,MODERATE,ANALYST_DOWNGRADE,80.8,81.5,76.2,84.87,87.32,,,,,,,,,,STANDARD_DIP,0
292,L,Loews Corporation,,2026-05-04 16:10:00,105.91,-5.183527305282011,AVOID,,LOW,EARNINGS_MISS,103.12,105.62,98.44,109.12,,,,,,,,,,,DEEP_DIP,0
291,GME,GameStop Corporation,,2026-05-04 16:07:22,24.2286,-8.674707877874107,AVOID,,LOW,COMPANY_SPECIFIC,22.62,23.24,20.98,24.5,,,,,,,,,,,STANDARD_DIP,0
290,BBVA,Banco Bilbao Vizcaya Argentaria S.A.,,2026-05-04 16:04:19,20.85,-5.22727272727272,BUY,,HIGH,EARNINGS_MISS,18.0,18.5,16.5,20.0,21.0,AVOID,15.0,HIGH,18.0,18.5,20.0,21.0,,,DEEP_DIP,0
289,UPS,"United Parcel Service, Inc.",Industrials,2026-05-04 15:22:50,98.86,-8.105595835657184,BUY,,MODERATE,COMPANY_SPECIFIC,97.42,98.32,94.5,102.5,104.43,BUY_LIMIT,20.0,MODERATE,97.42,98.32,102.5,104.43,,,DEEP_DIP,0
288,SNY,Sanofi,,2026-05-04 15:19:23,43.64,-5.295138888888884,BUY,,HIGH,COMPANY_SPECIFIC,38.0,40.0,35.0,44.0,46.86,AVOID,10.0,HIGH,38.0,40.0,44.0,46.86,,,DEEP_DIP,1
287,NCLH,Norwegian Cruise Line Holdings Ltd.,,2026-05-04 15:16:10,17.26,-8.24029771398191,AVOID,,LOW,EARNINGS_MISS,16.23,16.78,14.5,18.82,19.29,,,,,,,,,,DEEP_DIP,0
286,GXO,"GXO Logistics, Inc.",,2026-05-04 15:12:44,49.815,-11.392742796157954,AVOID,,LOW,SECTOR_ROTATION,47.0,48.0,42.3,52.24,54.12,,,,,,,,,,DEEP_DIP,0
285,FDX,FedEx Corporation,,2026-05-04 15:09:50,367.11,-6.746767597226104,BUY_LIMIT,,HIGH,COMPANY_SPECIFIC,290.0,295.0,275.0,345.0,371.0,AVOID,35.0,HIGH,290.0,295.0,345.0,371.0,,,DEEP_DIP,0
284,EXPD,"Expeditors International of Washington, Inc.",,2026-05-04 15:05:48,138.84,-5.698566868165447,WATCH,,LOW,SECTOR_ROTATION,137.8,140.33,127.94,144.98,146.41,,,,,,,,,,DEEP_DIP,0
283,CHRW,"C.H. Robinson Worldwide, Inc.",,2026-05-04 15:02:27,163.37,-7.8567399887196885,AVOID,,LOW,EARNINGS_MISS,153.68,159.52,140.31,167.0,175.45,,,,,,,,,,DEEP_DIP,0
282,CHDN,"Churchill Downs, Incorporated",,2026-05-04 14:58:49,93.265,-5.458692346680187,BUY_LIMIT,,MODERATE,EARNINGS_MISS,90.51,91.5,83.3,98.0,99.48,,,,,,,,,,STANDARD_DIP,0
281,CAR,"Avis Budget Group, Inc.",,2026-05-04 14:55:06,175.42,-5.4594448935596995,AVOID,,HIGH,TECHNICAL_BREAKDOWN,155.0,160.0,21.06,185.66,199.27,,,,,,,,,,DEEP_DIP,0
280,ADT,ADT Inc.,,2026-05-04 14:51:27,7.0956,-6.018543046357612,AVOID,,LOW,COMPANY_SPECIFIC,6.62,6.75,6.2,7.55,7.99,,,,,,,,,,STANDARD_DIP,0
279,IMO,Imperial Oil Limited,,2026-05-01 17:59:53,127.055,-5.196985524548578,PASS_INSUFFICIENT_DATA,,,,,,,,,,,,,,,,,,STANDARD_DIP,0
278,GTES,Gates Industrial Corporation plc,,2026-05-01 17:56:37,24.16,-5.661850839515811,BUY_LIMIT,,MODERATE,EARNINGS_MISS,23.1,23.5,21.07,25.05,25.61,,,,,,,,,,DEEP_DIP,0
277,SMMT,Summit Therapeutics Inc.,,2026-05-01 17:33:16,15.995,-25.46598322460392,AVOID,,HIGH,COMPANY_SPECIFIC,15.14,16.33,12.17,18.36,19.71,,,,,,,,,,DEEP_DIP,0
276,RYAN,"Ryan Specialty Holdings, Inc.",,2026-05-01 17:30:32,31.31,-9.951107276387702,AVOID,,HIGH,EARNINGS_MISS,29.91,31.05,26.59,32.5,34.48,,,,,,,,,,DEEP_DIP,0
275,RMD,ResMed Inc.,,2026-05-01 17:27:32,201.5,-5.757448201674385,BUY,,HIGH,COMPANY_SPECIFIC,165.0,180.0,155.0,200.0,215.0,AVOID,25.0,HIGH,165.0,180.0,200.0,215.0,,,DEEP_DIP,0
274,RIVN,"Rivian Automotive, Inc.",,2026-05-01 17:24:00,15.26,-6.951219512195116,WATCH,,MODERATE,EARNINGS_MISS,14.5,14.65,12.93,16.4,17.5,,,,,,,,,,DEEP_DIP,0
273,RBLX,Roblox Corporation,,2026-05-01 17:20:52,45.49,-17.680057908070932,BUY_LIMIT,,MODERATE,EARNINGS_MISS,41.75,45.63,33.92,52.86,55.79,,,,,,,,,,DEEP_DIP,0
272,PIPR,Piper Sandler Companies,,2026-05-01 17:18:17,80.5,-7.6834862385321125,AVOID,,HIGH,EARNINGS_MISS,78.31,79.31,73.31,83.46,87.6,,,,,,,,,,DEEP_DIP,0
271,NIO,NIO Inc.,,2026-05-01 17:14:43,5.89,-7.82472613458529,BUY,,MODERATE,COMPANY_SPECIFIC,5.82,5.95,5.25,6.38,6.84,BUY_LIMIT,40.0,MODERATE,5.82,5.95,6.38,6.84,,,DEEP_DIP,0
270,LKQ,LKQ Corporation,,2026-05-01 17:12:06,29.67,-6.048131728942359,AVOID,,HIGH,EARNINGS_MISS,28.94,29.64,27.5,30.55,31.17,,,,,,,,,,DEEP_DIP,0
269,INGM,Ingram Micro Holding Corporation,,2026-05-01 17:08:59,27.82,-9.587260318492035,AVOID,,LOW,EARNINGS_MISS,24.97,25.38,22.97,28.83,,,,,,,,,,,STANDARD_DIP,0
268,DLB,Dolby Laboratories,,2026-05-01 17:05:31,56.72,-11.56844402868725,AVOID,,HIGH,EARNINGS_MISS,55.73,56.89,51.85,60.51,62.12,,,,,,,,,,DEEP_DIP,0
267,CLX,Clorox Company (The),,2026-05-01 17:02:05,87.805,-8.953753629199493,BUY_LIMIT,,HIGH,COMPANY_SPECIFIC,75.0,80.0,68.56,91.12,94.0,AVOID,30.0,HIGH,75.0,80.0,91.12,94.0,,,DEEP_DIP,0
266,BNTX,BioNTech SE,,2026-05-01 16:59:09,98.135,-5.137747704204928,AVOID,,LOW,SECTOR_ROTATION,97.66,98.05,89.51,102.61,103.36,,,,,,,,,,STANDARD_DIP,0
265,BIO,"Bio-Rad Laboratories, Inc.",,2026-05-01 16:55:29,252.405,-9.893974011138084,AVOID,,HIGH,EARNINGS_MISS,245.3,252.66,221.83,261.85,277.23,,,,,,,,,,DEEP_DIP,0
264,AMGN,Amgen Inc.,,2026-05-01 16:52:14,325.98,-5.854151624548731,WATCH,,MODERATE,COMPANY_SPECIFIC,324.85,328.0,307.38,342.0,348.95,,,,,,,,,,DEEP_DIP,0
263,ALM,Almonty Industries Inc.,,2026-05-01 16:49:07,20.44,-5.719557195571948,AVOID,,LOW,TECHNICAL_BREAKDOWN,16.13,18.76,10.13,21.68,,,,,,,,,,,STANDARD_DIP,0
262,PH,Parker-Hannifin Corporation,,2026-04-30 16:48:27,891.2,-5.9419525065963015,BUY,,HIGH,SECTOR_ROTATION,840.0,855.0,810.0,900.0,920.0,AVOID,20.0,HIGH,840.0,855.0,900.0,920.0,,,DEEP_DIP,0
261,MTG,MGIC Investment Corporation,,2026-04-30 16:24:48,27.18,-6.694129763130791,WATCH,,LOW,EARNINGS_MISS,26.31,26.86,24.8,27.81,29.2,,,,,,,,,,DEEP_DIP,0
260,JLL,Jones Lang LaSalle Incorporated,,2026-04-30 16:21:31,313.78,-7.346601311049445,BUY,,HIGH,MACRO_SELLOFF,295.0,305.0,285.0,340.0,345.0,AVOID,25.0,HIGH,295.0,305.0,340.0,,,,DEEP_DIP,1
259,BLDR,"Builders FirstSource, Inc.",,2026-04-30 16:18:37,78.74,-5.564883665147518,AVOID,,HIGH,EARNINGS_MISS,73.11,78.64,64.4,83.38,86.59,,,,,,,,,,DEEP_DIP,0
258,WTW,Willis Towers Watson Public Limited Company,,2026-04-30 15:55:32,248.99,-14.173934025024993,BUY,,MODERATE,EARNINGS_MISS,248.0,252.0,234.5,268.5,288.0,BUY_LIMIT,35.0,MODERATE,248.0,252.0,268.5,288.0,,,DEEP_DIP,0
257,W,Wayfair Inc.,,2026-04-30 15:52:51,65.295,-10.884400163777801,AVOID,,LOW,EARNINGS_MISS,61.21,65.09,51.53,72.0,75.08,,,,,,,,,,DEEP_DIP,0
256,UNVGY,UNIVERSAL MUSIC GROUP,,2026-04-30 15:48:13,10.5045,-5.108401084010842,AVOID,,LOW,EARNINGS_MISS,10.07,10.41,9.37,10.97,,,,,,,,,,,DEEP_DIP,0
255,TFX,Teleflex Incorporated,,2026-04-30 15:44:47,124.9,-6.3015753938484655,WATCH,,MODERATE,COMPANY_SPECIFIC,118.5,120.0,110.5,132.96,142.0,,,,,,,,,,STANDARD_DIP,0
254,STLA,Stellantis N.V.,,2026-04-30 15:41:47,7.22,-6.233766233766239,AVOID,,LOW,EARNINGS_MISS,7.2,7.27,6.6,7.75,8.01,,,,,,,,,,DEEP_DIP,0
253,RRR,"Red Rock Resorts, Inc.",,2026-04-30 15:38:33,52.52,-6.3146628612201186,BUY,,LOW,EARNINGS_MISS,49.7,50.68,46.04,53.34,54.39,WATCH,10.0,LOW,49.7,50.68,53.34,54.39,,,DEEP_DIP,0
252,MORN,"Morningstar, Inc.",,2026-04-30 15:35:15,173.0,-7.782515991471213,WATCH,,MODERATE,MACRO_SELLOFF,155.0,159.05,140.0,178.54,185.73,,,,,,,,,,DEEP_DIP,0
251,META,"Meta Platforms, Inc.",Communication Services,2026-04-30 15:32:43,607.05,-9.276362984218085,BUY_LIMIT,,MODERATE,EARNINGS_MISS,570.45,588.38,527.38,667.85,678.72,,,,,,,,,,DEEP_DIP,0
250,IP,International Paper Company,,2026-04-30 15:29:59,31.5,-6.1941631923764096,AVOID,,LOW,EARNINGS_MISS,31.0,31.5,27.95,33.22,,,,,,,,,,,DEEP_DIP,0
249,IDCC,"InterDigital, Inc.",,2026-04-30 15:27:06,319.79,-9.325734376772141,AVOID,,HIGH,EARNINGS_MISS,311.21,315.0,279.04,329.21,,,,,,,,,,,DEEP_DIP,0
248,HUBB,Hubbell Inc,,2026-04-30 15:24:05,517.04,-5.291887238290621,WATCH,,MODERATE,EARNINGS_MISS,496.6,509.5,461.97,533.9,546.2,,,,,,,,,,DEEP_DIP,0
247,FLS,Flowserve Corporation,,2026-04-30 15:20:43,74.8,-11.216617210682497,BUY_LIMIT,,MODERATE,EARNINGS_MISS,71.7,73.82,63.76,80.21,83.15,,,,,,,,,,DEEP_DIP,0
246,FICO,Fair Isaac Corporation,,2026-04-30 15:17:44,984.13,-5.695832574719467,AVOID,,HIGH,COMPANY_SPECIFIC,939.1,950.0,802.56,1032.0,1149.52,,,,,,,,,,DEEP_DIP,0
245,CHKP,Check Point Software Technologies Ltd.,,2026-04-30 15:15:11,116.25,-16.9405544441269,AVOID,,HIGH,EARNINGS_MISS,115.0,117.0,102.09,130.34,140.0,,,,,,,,,,DEEP_DIP,0
244,CAH,"Cardinal Health, Inc.",,2026-04-30 15:12:05,188.3,-7.15905729218025,BUY,,HIGH,COMPANY_SPECIFIC,156.77,166.75,145.0,189.1,202.82,AVOID,30.0,HIGH,156.77,166.75,189.1,,,,DEEP_DIP,0
243,CRS,Carpenter Technology Corporation,,2026-04-29 16:41:49,400.32,-6.497874527023869,BUY_LIMIT,,MODERATE,SECTOR_ROTATION,389.5,401.2,365.5,415.0,430.0,BUY_LIMIT,30.0,MODERATE,389.5,401.2,415.0,430.0,,,DEEP_DIP,1
242,RIOT,"Riot Platforms, Inc.",,2026-04-29 16:18:58,15.325,-7.513578756789384,AVOID,,HIGH,COMPANY_SPECIFIC,12.85,13.62,10.41,15.69,16.67,,,,,,,,,,STANDARD_DIP,0
241,FLY,Firefly Aerospace Inc.,,2026-04-29 16:15:14,32.0501,-6.327341809148042,BUY_LIMIT,,MODERATE,COMPANY_SPECIFIC,28.4,29.7,21.04,37.42,42.0,,,,,,,,,,DEEP_DIP,0
240,BLSH,Bullish,,2026-04-29 16:13:01,36.665,-7.923154193872428,AVOID,,HIGH,EARNINGS_MISS,34.24,35.6,30.63,37.0,39.75,,,,,,,,,,DEEP_DIP,0
239,BEPC,Brookfield Renewable Corporation,,2026-04-29 16:10:10,37.12,-7.7534791252485205,AVOID,,LOW,ANALYST_DOWNGRADE,35.15,36.75,32.21,38.25,38.9,,,,,,,,,,DEEP_DIP,0
238,UNCHF,Unicharm Corp.,,2026-04-29 15:47:32,5.519,-13.765625000000004,AVOID,,HIGH,EARNINGS_MISS,5.27,5.46,4.57,5.91,,,,,,,,,,,DEEP_DIP,0
237,UEC,Uranium Energy Corp.,,2026-04-29 15:44:02,13.545,-6.3278008298755255,AVOID,,HIGH,COMPANY_SPECIFIC,12.83,13.23,10.73,14.21,14.47,,,,,,,,,,DEEP_DIP,0
236,TER,"Teradyne, Inc.",,2026-04-29 15:40:42,320.64,-15.649909241575251,WATCH,,MODERATE,EARNINGS_MISS,280.08,301.18,206.97,362.82,379.23,,,,,,,,,,DEEP_DIP,0
235,SOFI,"SoFi Technologies, Inc.",,2026-04-29 15:36:54,16.0825,-12.404684095860565,BUY,,MODERATE,EARNINGS_MISS,14.95,16.0,13.9,17.65,18.36,BUY_LIMIT,25.0,MODERATE,14.95,16.0,17.65,18.36,,,DEEP_DIP,0
234,SITE,"SiteOne Landscape Supply, Inc.",,2026-04-29 15:33:38,122.59,-14.236742689240236,AVOID,,LOW,EARNINGS_MISS,115.89,120.2,103.04,128.5,134.96,,,,,,,,,,DEEP_DIP,0
233,REGN,"Regeneron Pharmaceuticals, Inc.",,2026-04-29 15:28:50,686.265,-6.21848394987496,BUY,,MODERATE,COMPANY_SPECIFIC,682.0,688.0,668.0,724.9,751.52,BUY,40.0,MODERATE,682.0,688.0,724.9,751.52,,,DEEP_DIP,0
232,PTCT,"PTC Therapeutics, Inc.",,2026-04-29 15:25:34,64.02,-8.881298035866793,AVOID,,HIGH,COMPANY_SPECIFIC,62.71,63.94,57.28,66.33,,,,,,,,,,,DEEP_DIP,0
231,HOOD,"Robinhood Markets, Inc.",,2026-04-29 15:22:16,71.0801,-13.390885829170212,BUY_LIMIT,,MODERATE,EARNINGS_MISS,62.4,64.0,52.46,76.4,81.87,,,,,,,,,,DEEP_DIP,0
230,GSK,GSK plc,,2026-04-29 15:19:13,50.54,-7.214980723333945,AVOID,,LOW,EARNINGS_MISS,47.86,49.51,44.86,54.66,56.02,,,,,,,,,,DEEP_DIP,0
229,GIB,CGI Inc.,,2026-04-29 15:16:08,65.34,-11.114134131410694,BUY,,HIGH,EARNINGS_MISS,52.0,55.0,48.0,63.75,71.72,AVOID,20.0,HIGH,52.0,55.0,63.75,,,,DEEP_DIP,0
228,GEHC,GE HealthCare Technologies Inc.,,2026-04-29 15:13:11,59.7301,-12.802773722627736,AVOID,,HIGH,EARNINGS_MISS,58.75,59.5,53.75,64.6,,,,,,,,,,,DEEP_DIP,0
227,FIGR,"Figure Technology Solutions, Inc.",,2026-04-29 15:10:22,31.86,-7.275902211874273,AVOID,,LOW,COMPANY_SPECIFIC,30.0,30.74,24.85,34.32,37.4,,,,,,,,,,DEEP_DIP,0
226,COIN,"Coinbase Global, Inc.",,2026-04-29 15:03:38,179.61,-7.465224111282834,AVOID,,LOW,SECTOR_ROTATION,150.88,159.47,127.18,187.39,,,,,,,,,,,STANDARD_DIP,0
225,BF.B,Brown Forman Inc,,2026-04-29 15:00:45,24.92,-10.133429498737824,AVOID,,LOW,COMPANY_SPECIFIC,24.91,25.43,22.56,27.0,,,,,,,,,,,DEEP_DIP,0
224,BF.A,Brown Forman Inc,,2026-04-29 14:57:29,25.55,-10.035211267605627,AVOID,,LOW,UNKNOWN,,,,,,,,,,,,,,,DEEP_DIP,0
223,FORM,"FormFactor, Inc.",,2026-04-28 17:39:29,131.605,-8.563190439797134,PASS_INSUFFICIENT_DATA,,,,,,,,,,,,,,,,,,SHALLOW_DIP,0
222,ENTG,"Entegris, Inc.",,2026-04-28 17:35:45,143.765,-8.102147788289447,AVOID,,HIGH,SECTOR_ROTATION,128.0,136.42,114.19,146.89,,,,,,,,,,,SHALLOW_DIP,0
221,CRDO,Credo Technology Group Holding Ltd,,2026-04-28 17:31:30,164.9301,-8.62598337950138,WATCH,,MODERATE,SECTOR_ROTATION,145.0,154.0,120.86,180.75,192.0,,,,,,,,,,SHALLOW_DIP,0
220,CLS,"Celestica, Inc.",,2026-04-28 17:28:04,354.375,-16.066649297742824,WATCH,,MODERATE,SECTOR_ROTATION,310.0,338.0,263.17,398.48,422.09,,,,,,,,,,STANDARD_DIP,0
219,CIEN,Ciena Corporation,,2026-04-28 17:25:01,468.12,-7.546461793691857,WATCH,,MODERATE,SECTOR_ROTATION,403.84,415.0,339.14,485.0,506.4,,,,,,,,,,STANDARD_DIP,0
218,ALLE,Allegion plc,,2026-04-28 17:21:19,137.33,-7.459568733153634,BUY,,MODERATE,EARNINGS_MISS,135.0,137.5,132.5,144.0,148.4,BUY_LIMIT,50.0,MODERATE,135.0,137.5,144.0,148.4,,,DEEP_DIP,0
217,RDDT,"Reddit, Inc.",,2026-04-28 15:28:18,147.94,-7.6586979589289115,AVOID,,HIGH,SECTOR_ROTATION,129.04,140.0,111.83,150.02,,,,,,,,,,,,0
216,GLW,Corning Incorporated,,2026-04-28 15:24:47,153.12,-8.862567704303308,BUY_LIMIT,,MODERATE,EARNINGS_MISS,143.0,147.27,98.68,160.65,167.75,,,,,,,,,,,0
215,ERAS,"Erasca, Inc.",,2026-04-28 15:21:13,9.39,-50.966057441253255,AVOID,,LOW,COMPANY_SPECIFIC,8.17,9.39,3.42,11.37,12.42,,,,,,,,,,,0
214,ZBH,"Zimmer Biomet Holdings, Inc.",,2026-04-28 14:56:53,86.05,-7.06339777513771,BUY,,MODERATE,COMPANY_SPECIFIC,84.5,85.5,82.5,88.5,90.4,BUY_LIMIT,35.0,MODERATE,84.5,85.5,88.5,90.4,,,,1
212,TSEM,Tower Semiconductor Ltd.,,2026-04-28 14:50:42,190.545,-6.287807996852419,AVOID,,LOW,COMPANY_SPECIFIC,178.06,182.0,149.96,199.93,203.63,,,,,,,,,,,0
210,SPOT,Spotify Technology S.A.,,2026-04-28 14:45:32,424.375,-14.409463111613086,AVOID,,LOW,EARNINGS_MISS,442.45,445.73,405.0,480.36,500.85,,,,,,,,,,,0
208,SFD,"Smithfield Foods, Inc.",,2026-04-28 14:40:24,26.83,-6.613296206056394,BUY,,MODERATE,MACRO_SELLOFF,26.17,26.46,24.55,27.5,28.67,BUY,45.0,MODERATE,26.17,26.46,27.5,28.67,,,,0
207,RMBS,"Rambus, Inc.",,2026-04-28 14:32:43,110.7501,-21.626141108201825,AVOID,,HIGH,ANALYST_DOWNGRADE,95.11,102.49,75.38,115.37,120.0,,,,,,,,,,,0
206,QGEN,Qiagen N.V.,,2026-04-28 14:25:41,34.22,-10.160147020215291,AVOID,,LOW,EARNINGS_MISS,34.11,34.5,31.34,36.59,37.99,,,,,,,,,,,0
205,PNR,Pentair plc.,,2026-04-28 14:19:34,84.575,-8.339655359271696,BUY,,HIGH,COMPANY_SPECIFIC,0.0,0.0,0.0,0.0,91.64,AVOID,15.0,HIGH,0.0,0.0,0.0,,,,,0
204,NDEKY,Nitto Denko Corp.,,2026-04-28 14:14:29,18.64,-8.806262230919767,WATCH,,MODERATE,EARNINGS_MISS,17.97,18.1,16.04,20.24,20.87,,,,,,,,,,,0
203,AWI,Armstrong World Industries Inc,,2026-04-28 14:10:07,163.175,-8.204882988298818,BUY_LIMIT,,MODERATE,EARNINGS_MISS,158.0,162.0,147.0,173.0,178.5,BUY_LIMIT,30.0,MODERATE,158.0,162.0,173.0,178.5,,,,0
202,ARE,"Alexandria Real Estate Equities, Inc.",,2026-04-28 14:03:19,39.865,-12.5,AVOID,,LOW,EARNINGS_MISS,39.0,40.0,34.0,43.0,45.37,,,,,,,,,,,0
201,CAR,"Avis Budget Group, Inc.",,2026-04-28 13:38:56,187.07,-8.29901960784314,AVOID,,LOW,ANALYST_DOWNGRADE,158.02,165.0,-15.15,192.31,204.0,,,,,,,,,,,0
200,CYATY,CONTEMPORARY AMPEREX TECHNOLOGY CO LTD,,2026-04-27 16:15:49,21.05,-5.858676207513412,BUY_LIMIT,,HIGH,COMPANY_SPECIFIC,19.15,19.45,16.55,22.36,23.65,,,,,,,,,,,0
199,DLTR,"Dollar Tree, Inc.",,2026-04-27 15:52:06,97.505,-6.019277108433739,BUY,,HIGH,ANALYST_DOWNGRADE,80.0,85.0,74.0,95.0,103.0,AVOID,10.0,HIGH,80.0,85.0,95.0,103.0,,,,0
198,CHGCY,"Chugai Pharmaceutical Co., Ltd.",,2026-04-27 15:48:31,23.29,-14.43791329904482,WATCH,,MODERATE,MACRO_SELLOFF,22.99,23.5,19.57,25.65,26.5,,,,,,,,,,,0
197,TAL,TAL Education Group,,2026-04-27 15:25:40,10.525,-6.361209964412811,AVOID,,HIGH,EARNINGS_MISS,10.39,10.54,9.3,11.15,,,,,,,,,,,,0
196,DPZ,Domino's Pizza Inc,,2026-04-27 15:22:26,333.4501,-9.346681891090984,BUY,,HIGH,EARNINGS_MISS,330.0,340.0,314.5,366.0,380.0,BUY_LIMIT,65.0,HIGH,330.0,340.0,366.0,380.0,,,,0
195,MZHOF,Mizuho Financial Group Inc.,,2026-04-25 21:06:06,39.0,-7.309699683426977,WATCH,,MODERATE,MACRO_SELLOFF,35.78,37.11,29.77,42.08,42.95,,,,,,,,,,,0
194,MZHOF,Mizuho Financial Group Inc.,,2026-04-25 21:05:51,39.0,-7.309699683426977,WATCH,,MODERATE,MACRO_SELLOFF,35.78,37.11,29.77,42.07,42.95,,,,,,,,,,,0
193,IBRX,"ImmunityBio, Inc.",,2026-04-25 21:03:23,7.44,-9.157509157509146,AVOID,,LOW,COMPANY_SPECIFIC,6.61,6.8,4.19,8.19,8.33,,,,,,,,,,,0
192,IBRX,"ImmunityBio, Inc.",,2026-04-25 19:39:15,7.44,-9.157509157509146,PASS_INSUFFICIENT_DATA,,,,,,,,,,,,,,,,,,,0
191,CAR,"Avis Budget Group, Inc.",,2026-04-25 19:37:10,204.0,-10.971458496988735,AVOID,,HIGH,COMPANY_SPECIFIC,158.0,190.9,-25.09,229.14,250.0,,,,,,,,,,,0
190,CAR,"Avis Budget Group, Inc.",,2026-04-25 19:26:30,204.0,-10.971458496988735,PASS_INSUFFICIENT_DATA,,,,,,,,,,,,,,,,,,,0
189,CAR,"Avis Budget Group, Inc.",,2026-04-25 19:07:59,204.0,-10.971458496988735,PASS_INSUFFICIENT_DATA,,,,,,,,,,,,,,,,,,,0
188,BKRKY,Bank Rakyat,,2026-04-25 19:06:55,8.96,-6.7637877211238155,PASS_INSUFFICIENT_DATA,,,,,,,,,,,,,,,,,,,0
187,BKRKY,Bank Rakyat,,2026-04-25 19:05:27,8.96,-6.7637877211238155,AVOID,,LOW,MACRO_SELLOFF,8.81,8.96,7.87,9.61,9.8,,,,,,,,,,,0
186,LBRDP,Liberty Broadband Corporation - Series A Cumulative Redeemable Preferred Stock,,2026-04-24 18:26:18,21.965,-5.971746575342464,BUY,,HIGH,EARNINGS_MISS,21.96,22.15,21.2,22.68,23.36,BUY,50.0,HIGH,21.96,22.15,22.68,23.36,,,,0
185,ERIE,Erie Indemnity Company,,2026-04-24 17:42:04,234.4,-5.825632784250703,AVOID,,LOW,EARNINGS_MISS,233.82,235.0,221.82,249.3,,,,,,,,,,,,0
184,SBSNY,VEND MARKETPLACES ASA,,2026-04-24 17:18:04,25.025,-11.290322580645169,AVOID,,HIGH,MACRO_SELLOFF,22.38,24.75,19.38,26.06,,,,,,,,,,,,0
183,HLNE,Hamilton Lane Incorporated,,2026-04-24 17:13:30,97.37,-5.612640558355944,BUY_LIMIT,,MODERATE,ANALYST_DOWNGRADE,90.48,92.0,83.48,102.85,115.0,,,,,,,,,,,0
182,FLY,Firefly Aerospace Inc.,,2026-04-24 17:09:24,36.03,-6.512714063310841,AVOID,,HIGH,COMPANY_SPECIFIC,24.5,27.56,22.0,38.57,40.18,,,,,,,,,,,0
181,CMCSA,Comcast Corporation,,2026-04-24 17:04:37,28.595,-9.62389380530974,AVOID,,LOW,SECTOR_ROTATION,26.83,27.57,25.65,29.0,29.15,,,,,,,,,,,0
180,SSNC,"SS&C Technologies Holdings, Inc.",,2026-04-24 15:07:25,66.52,-5.052811875535265,PASS_INSUFFICIENT_DATA,,,,,,,,,,,,,,,,,,,0
179,MDB,"MongoDB, Inc.",,2026-04-24 15:04:13,244.505,-5.271008484754569,AVOID,,HIGH,SECTOR_ROTATION,223.88,235.22,199.88,258.83,274.97,,,,,,,,,,,0
178,KRMN,Karman Holdings Inc.,,2026-04-24 15:01:09,72.73,-5.0522193211488124,AVOID,,HIGH,COMPANY_SPECIFIC,67.04,70.77,63.5,75.78,75.92,,,,,,,,,,,0
177,DSNKY,"Daiichi Sankyo Co., Ltd.",,2026-04-24 14:57:29,15.586,-10.579460699942626,AVOID,,HIGH,COMPANY_SPECIFIC,14.0,14.5,13.5,17.15,17.43,,,,,,,,,,,0
176,VRSN,"VeriSign, Inc.",,2026-04-24 14:33:56,258.15,-6.788228922188125,BUY,,HIGH,SECTOR_ROTATION,256.0,258.7,244.5,270.0,276.5,BUY_LIMIT,55.0,HIGH,256.0,258.7,270.0,276.5,,,,1
175,VG,"Venture Global, Inc.",,2026-04-24 14:30:47,12.19,-5.868725868725868,AVOID,,HIGH,COMPANY_SPECIFIC,11.15,11.45,10.9,12.87,13.71,,,,,,,,,,,0
174,THC,Tenet Healthcare Corporation,,2026-04-24 14:27:29,178.76,-5.081505867360495,WATCH,,MODERATE,SECTOR_ROTATION,164.73,170.0,155.0,196.84,212.28,,,,,,,,,,,0
173,SNOW,Snowflake Inc.,,2026-04-24 14:24:19,137.34,-6.188524590163936,WATCH,,LOW,SECTOR_ROTATION,127.65,130.0,125.0,145.25,161.51,,,,,,,,,,,0
172,OLCLY,"Oriental Land Co., Ltd.",,2026-04-24 14:21:50,14.5908,-5.438755670771225,AVOID,,LOW,MACRO_SELLOFF,13.76,14.59,12.77,15.25,,,,,,,,,,,,0
171,NMR,Nomura Holdings Inc,,2026-04-24 14:19:10,7.835,-5.25997581620314,BUY,,MODERATE,EARNINGS_MISS,7.65,7.8,7.45,8.15,8.35,BUY,50.0,MODERATE,7.65,7.8,8.15,8.35,,,,0
170,LBRDK,Liberty Broadband Corporation,,2026-04-24 14:15:24,47.93,-15.123074198689569,AVOID,,LOW,EARNINGS_MISS,44.65,46.22,42.1,49.5,51.26,,,,,,,,,,,0
169,HCA,"HCA Healthcare, Inc.",,2026-04-24 14:11:55,429.36,-9.423454211758742,AVOID,,LOW,EARNINGS_MISS,420.0,425.78,415.0,447.54,455.81,,,,,,,,,,,0
168,CHTR,"Charter Communications, Inc.",,2026-04-24 14:08:45,205.44,-15.030192737199108,AVOID,,LOW,EARNINGS_MISS,202.82,204.85,191.99,218.0,225.45,,,,,,,,,,,0
167,BYD,Boyd Gaming Corporation,,2026-04-24 14:04:46,84.13,-5.630959057767818,AVOID,,LOW,EARNINGS_MISS,80.44,83.71,77.36,85.26,89.15,,,,,,,,,,,0
166,WEX,WEX Inc.,,2026-04-24 13:36:30,154.76,-16.314281079327323,AVOID,,HIGH,EARNINGS_MISS,141.95,144.31,141.0,158.27,163.47,,,,,,,,,,,0
165,WDAY,"Workday, Inc.",,2026-04-24 13:33:45,114.67,-9.423380726698257,AVOID,,HIGH,SECTOR_ROTATION,110.36,112.5,103.77,124.15,132.47,,,,,,,,,,,0
164,TMO,Thermo Fisher Scientific Inc,Healthcare,2026-04-24 13:30:34,466.7,-9.198801509786378,WATCH,,MODERATE,EARNINGS_MISS,459.72,466.7,449.0,500.43,514.0,,,,,,,,,,,0
163,NOW,"ServiceNow, Inc.",,2026-04-24 13:27:48,84.78,-17.745221693994367,WATCH,,MODERATE,EARNINGS_MISS,81.24,83.81,78.5,97.18,105.08,,,,,,,,,,,0
162,MEDP,"Medpace Holdings, Inc.",,2026-04-24 13:25:07,393.42,-22.625181921881754,AVOID,,LOW,EARNINGS_MISS,385.0,393.42,373.0,427.0,,,,,,,,,,,,0
161,LVS,Las Vegas Sands Corp.,,2026-04-24 13:22:00,51.95,-8.619173262972732,AVOID,,LOW,EARNINGS_MISS,50.0,50.96,48.5,54.06,,,,,,,,,,,,0
160,LULU,lululemon athletica inc.,,2026-04-24 13:19:18,141.66,-13.331293973692256,AVOID,,HIGH,COMPANY_SPECIFIC,138.0,140.0,128.0,158.22,166.13,,,,,,,,,,,0
159,IQV,"IQVIA Holdings, Inc.",,2026-04-24 13:16:21,160.68,-8.292905656069859,BUY,,HIGH,SECTOR_ROTATION,140.0,145.0,130.0,160.0,168.6,AVOID,20.0,HIGH,140.0,145.0,160.0,168.6,,,,0
158,IBM,International Business Machines Corporation,,2026-04-24 13:12:49,231.08,-8.250615421265781,BUY,,HIGH,COMPANY_SPECIFIC,229.0,231.1,246.92,218.87,192.24,AVOID,0.0,HIGH,229.0,231.1,218.87,192.24,,,,0
157,FIG,FIGMA INC,,2026-04-24 13:10:16,17.32,-9.65049556598853,AVOID,,HIGH,COMPANY_SPECIFIC,16.66,17.1,15.5,19.17,19.84,,,,,,,,,,,0
